id,category
0.jpeg,scoiattolo
1.jpeg,cavallo
10.jpeg,scoiattolo
100.jpeg,pecora
1000.jpeg,cavallo
1001.jpeg,gatto
1002.jpeg,pecora
1003.jpeg,elefante
1004.jpeg,gallina
1005.jpeg,mucca
1006.jpeg,farfalla
1007.jpeg,pecora
1008.jpeg,ragno
1009.jpeg,gallina
101.jpeg,gatto
1010.jpeg,cavallo
1011.jpeg,cane
1012.jpeg,ragno
1013.jpeg,elefante
1014.jpeg,cavallo
1015.jpeg,pecora
1016.jpeg,cane
1017.jpeg,gallina
1018.jpeg,ragno
1019.jpeg,pecora
102.jpeg,scoiattolo
1020.jpeg,gallina
1021.jpeg,gallina
1022.jpeg,cane
1023.jpeg,cane
1024.jpeg,pecora
1025.jpeg,farfalla
1026.jpeg,elefante
1027.jpeg,cane
1028.jpeg,gatto
1029.jpeg,mucca
103.jpeg,elefante
1030.jpeg,gallina
1031.jpeg,ragno
1032.jpeg,ragno
1033.jpeg,farfalla
1034.jpeg,farfalla
1035.jpeg,pecora
1036.jpeg,scoiattolo
1037.jpeg,cavallo
1038.jpeg,cane
1039.jpeg,scoiattolo
104.jpeg,ragno
1040.jpeg,pecora
1041.jpeg,pecora
1042.jpeg,cane
1043.jpeg,gallina
1044.jpeg,elefante
1045.jpeg,gallina
1046.jpeg,mucca
1047.jpeg,pecora
1048.jpeg,ragno
1049.jpeg,gatto
105.jpeg,ragno
1050.jpeg,cavallo
1051.jpeg,elefante
1052.jpeg,gallina
1053.jpeg,ragno
1054.jpeg,pecora
1055.jpeg,pecora
1056.jpeg,pecora
1057.jpeg,gatto
1058.jpeg,farfalla
1059.jpeg,pecora
106.jpeg,pecora
1060.jpeg,elefante
1061.jpeg,gallina
1062.jpeg,farfalla
1063.jpeg,cane
1064.jpeg,gallina
1065.jpeg,ragno
1066.jpeg,gallina
1067.jpeg,farfalla
1068.jpeg,gallina
1069.jpeg,farfalla
107.jpeg,farfalla
1070.jpeg,ragno
1071.jpeg,pecora
1072.jpeg,gallina
1073.jpeg,cane
1074.jpeg,scoiattolo
1075.jpeg,mucca
1076.jpeg,mucca
1077.jpeg,mucca
1078.jpeg,ragno
1079.jpeg,pecora
108.jpeg,gatto
1080.jpeg,pecora
1081.jpeg,cavallo
1082.jpeg,ragno
1083.jpeg,cane
1084.jpeg,cane
1085.jpeg,farfalla
1086.jpeg,gallina
1087.jpeg,farfalla
1088.jpeg,farfalla
1089.jpeg,cavallo
109.jpeg,scoiattolo
1090.jpeg,scoiattolo
1091.jpeg,gatto
1092.jpeg,elefante
1093.jpeg,mucca
1094.jpeg,gatto
1095.jpeg,farfalla
1096.jpeg,cavallo
1097.jpeg,pecora
1098.jpeg,scoiattolo
1099.jpeg,cavallo
11.jpeg,pecora
110.jpeg,mucca
1100.jpeg,cavallo
1101.jpeg,gallina
1102.jpeg,elefante
1103.jpeg,elefante
1104.jpeg,pecora
1105.jpeg,cavallo
1106.jpeg,scoiattolo
1107.jpeg,cavallo
1108.jpeg,scoiattolo
1109.jpeg,farfalla
111.jpeg,gallina
1110.jpeg,cavallo
1111.jpeg,scoiattolo
1112.jpeg,cavallo
1113.jpeg,gallina
1114.jpeg,elefante
1115.jpeg,gatto
1116.jpeg,scoiattolo
1117.jpeg,scoiattolo
1118.jpeg,pecora
1119.jpeg,pecora
112.jpeg,ragno
1120.jpeg,gatto
1121.jpeg,farfalla
1122.jpeg,gatto
1123.jpeg,cane
1124.jpeg,gatto
1125.jpeg,gallina
1126.jpeg,gallina
1127.jpeg,elefante
1128.jpeg,mucca
1129.jpeg,scoiattolo
113.jpeg,scoiattolo
1130.jpeg,pecora
1131.jpeg,cavallo
1132.jpeg,gatto
1133.jpeg,scoiattolo
1134.jpeg,pecora
1135.jpeg,mucca
1136.jpeg,cane
1137.jpeg,farfalla
1138.jpeg,cane
1139.jpeg,pecora
114.jpeg,ragno
1140.jpeg,gatto
1141.jpeg,farfalla
1142.jpeg,pecora
1143.jpeg,cavallo
1144.jpeg,gallina
1145.jpeg,elefante
1146.jpeg,ragno
1147.jpeg,gallina
1148.jpeg,pecora
1149.jpeg,scoiattolo
115.jpeg,ragno
1150.jpeg,pecora
1151.jpeg,pecora
1152.jpeg,elefante
1153.jpeg,elefante
1154.jpeg,cavallo
1155.jpeg,gatto
1156.jpeg,scoiattolo
1157.jpeg,farfalla
1158.jpeg,pecora
1159.jpeg,cavallo
116.jpeg,cavallo
1160.jpeg,pecora
1161.jpeg,pecora
1162.jpeg,cane
1163.jpeg,scoiattolo
1164.jpeg,gatto
1165.jpeg,cane
1166.jpeg,mucca
1167.jpeg,scoiattolo
1168.jpeg,gatto
1169.jpeg,cavallo
117.jpeg,pecora
1170.jpeg,mucca
1171.jpeg,mucca
1172.jpeg,scoiattolo
1173.jpeg,farfalla
1174.jpeg,cavallo
1175.jpeg,gallina
1176.jpeg,cavallo
1177.jpeg,farfalla
1178.jpeg,gallina
1179.jpeg,farfalla
118.jpeg,farfalla
1180.jpeg,scoiattolo
1181.jpeg,gatto
1182.jpeg,cavallo
1183.jpeg,ragno
1184.jpeg,farfalla
1185.jpeg,pecora
1186.jpeg,gallina
1187.jpeg,elefante
1188.jpeg,gallina
1189.jpeg,farfalla
119.jpeg,elefante
1190.jpeg,gallina
1191.jpeg,cane
1192.jpeg,mucca
1193.jpeg,cane
1194.jpeg,farfalla
1195.jpeg,mucca
1196.jpeg,cavallo
1197.jpeg,gallina
1198.jpeg,pecora
1199.jpeg,mucca
12.jpeg,gatto
120.jpeg,farfalla
1200.jpeg,scoiattolo
1201.jpeg,cavallo
1202.jpeg,elefante
1203.jpeg,elefante
1204.jpeg,mucca
1205.jpeg,ragno
1206.jpeg,ragno
1207.jpeg,mucca
1208.jpeg,mucca
1209.jpeg,gallina
121.jpeg,cavallo
1210.jpeg,cane
1211.jpeg,cane
1212.jpeg,pecora
1213.jpeg,scoiattolo
1214.jpeg,farfalla
1215.jpeg,ragno
1216.jpeg,pecora
1217.jpeg,scoiattolo
1218.jpeg,farfalla
1219.jpeg,ragno
122.jpeg,ragno
1220.jpeg,mucca
1221.jpeg,cane
1222.jpeg,cane
1223.jpeg,gallina
1224.jpeg,elefante
1225.jpeg,elefante
1226.jpeg,ragno
1227.jpeg,scoiattolo
1228.jpeg,pecora
1229.jpeg,ragno
123.jpeg,ragno
1230.jpeg,pecora
1231.jpeg,cane
1232.jpeg,gallina
1233.jpeg,farfalla
1234.jpeg,farfalla
1235.jpeg,cavallo
1236.jpeg,gatto
1237.jpeg,elefante
1238.jpeg,gatto
1239.jpeg,cavallo
124.jpeg,scoiattolo
1240.jpeg,mucca
1241.jpeg,scoiattolo
1242.jpeg,cavallo
1243.jpeg,ragno
1244.jpeg,gallina
1245.jpeg,cane
1246.jpeg,pecora
1247.jpeg,pecora
1248.jpeg,gatto
1249.jpeg,ragno
125.jpeg,cavallo
1250.jpeg,ragno
1251.jpeg,pecora
1252.jpeg,mucca
1253.jpeg,gallina
1254.jpeg,elefante
1255.jpeg,cavallo
1256.jpeg,gallina
1257.jpeg,elefante
1258.jpeg,pecora
1259.jpeg,farfalla
126.jpeg,cavallo
1260.jpeg,ragno
1261.jpeg,elefante
1262.jpeg,elefante
1263.jpeg,farfalla
1264.jpeg,cane
1265.jpeg,gatto
1266.jpeg,gallina
1267.jpeg,cane
1268.jpeg,elefante
1269.jpeg,ragno
127.jpeg,cavallo
1270.jpeg,farfalla
1271.jpeg,cane
1272.jpeg,gatto
1273.jpeg,mucca
1274.jpeg,farfalla
1275.jpeg,elefante
1276.jpeg,cane
1277.jpeg,farfalla
1278.jpeg,ragno
1279.jpeg,ragno
128.jpeg,farfalla
1280.jpeg,ragno
1281.jpeg,ragno
1282.jpeg,ragno
1283.jpeg,cavallo
1284.jpeg,elefante
1285.jpeg,farfalla
1286.jpeg,gallina
1287.jpeg,gatto
1288.jpeg,cane
1289.jpeg,mucca
129.jpeg,pecora
1290.jpeg,pecora
1291.jpeg,cane
1292.jpeg,farfalla
1293.jpeg,cavallo
1294.jpeg,scoiattolo
1295.jpeg,mucca
1296.jpeg,cane
1297.jpeg,scoiattolo
1298.jpeg,mucca
1299.jpeg,ragno
13.jpeg,mucca
130.jpeg,farfalla
1300.jpeg,ragno
1301.jpeg,cavallo
1302.jpeg,farfalla
1303.jpeg,farfalla
1304.jpeg,elefante
1305.jpeg,pecora
1306.jpeg,gatto
1307.jpeg,elefante
1308.jpeg,pecora
1309.jpeg,gatto
131.jpeg,gallina
1310.jpeg,farfalla
1311.jpeg,elefante
1312.jpeg,farfalla
1313.jpeg,cane
1314.jpeg,cane
1315.jpeg,pecora
1316.jpeg,scoiattolo
1317.jpeg,scoiattolo
1318.jpeg,cavallo
1319.jpeg,gatto
132.jpeg,gallina
1320.jpeg,pecora
1321.jpeg,elefante
1322.jpeg,mucca
1323.jpeg,farfalla
1324.jpeg,cavallo
1325.jpeg,pecora
1326.jpeg,gatto
1327.jpeg,elefante
1328.jpeg,gallina
1329.jpeg,farfalla
133.jpeg,farfalla
1330.jpeg,cavallo
1331.jpeg,elefante
1332.jpeg,ragno
1333.jpeg,ragno
1334.jpeg,gatto
1335.jpeg,scoiattolo
1336.jpeg,elefante
1337.jpeg,elefante
1338.jpeg,scoiattolo
1339.jpeg,farfalla
134.jpeg,ragno
1340.jpeg,elefante
1341.jpeg,cane
1342.jpeg,ragno
1343.jpeg,gallina
1344.jpeg,mucca
1345.jpeg,cane
1346.jpeg,ragno
1347.jpeg,gatto
1348.jpeg,mucca
1349.jpeg,gatto
135.jpeg,gatto
1350.jpeg,mucca
1351.jpeg,farfalla
1352.jpeg,gallina
1353.jpeg,scoiattolo
1354.jpeg,elefante
1355.jpeg,gallina
1356.jpeg,scoiattolo
1357.jpeg,cane
1358.jpeg,cane
1359.jpeg,elefante
136.jpeg,farfalla
1360.jpeg,cavallo
1361.jpeg,farfalla
1362.jpeg,elefante
1363.jpeg,cavallo
1364.jpeg,pecora
1365.jpeg,pecora
1366.jpeg,pecora
1367.jpeg,mucca
1368.jpeg,mucca
1369.jpeg,pecora
137.jpeg,mucca
1370.jpeg,gallina
1371.jpeg,ragno
1372.jpeg,pecora
1373.jpeg,cavallo
1374.jpeg,mucca
1375.jpeg,gatto
1376.jpeg,scoiattolo
1377.jpeg,cane
1378.jpeg,cavallo
1379.jpeg,ragno
138.jpeg,elefante
1380.jpeg,farfalla
1381.jpeg,cane
1382.jpeg,cavallo
1383.jpeg,scoiattolo
1384.jpeg,pecora
1385.jpeg,pecora
1386.jpeg,cavallo
1387.jpeg,pecora
1388.jpeg,ragno
1389.jpeg,elefante
139.jpeg,gallina
1390.jpeg,farfalla
1391.jpeg,cavallo
1392.jpeg,mucca
1393.jpeg,ragno
1394.jpeg,pecora
1395.jpeg,elefante
1396.jpeg,gallina
1397.jpeg,pecora
1398.jpeg,cane
1399.jpeg,elefante
14.jpeg,farfalla
140.jpeg,scoiattolo
1400.jpeg,scoiattolo
1401.jpeg,scoiattolo
1402.jpeg,scoiattolo
1403.jpeg,cavallo
1404.jpeg,cavallo
1405.jpeg,mucca
1406.jpeg,gatto
1407.jpeg,gallina
1408.jpeg,pecora
1409.jpeg,pecora
141.jpeg,farfalla
1410.jpeg,ragno
1411.jpeg,mucca
1412.jpeg,gallina
1413.jpeg,scoiattolo
1414.jpeg,cane
1415.jpeg,elefante
1416.jpeg,ragno
1417.jpeg,ragno
1418.jpeg,scoiattolo
1419.jpeg,mucca
142.jpeg,mucca
1420.jpeg,gallina
1421.jpeg,elefante
1422.jpeg,gatto
1423.jpeg,gallina
1424.jpeg,gatto
1425.jpeg,mucca
1426.jpeg,ragno
1427.jpeg,cavallo
1428.jpeg,ragno
1429.jpeg,cane
143.jpeg,gallina
1430.jpeg,gatto
1431.jpeg,cane
1432.jpeg,farfalla
1433.jpeg,elefante
1434.jpeg,elefante
1435.jpeg,ragno
1436.jpeg,mucca
1437.jpeg,gallina
1438.jpeg,farfalla
1439.jpeg,farfalla
144.jpeg,ragno
1440.jpeg,gallina
1441.jpeg,scoiattolo
1442.jpeg,cane
1443.jpeg,gatto
1444.jpeg,pecora
1445.jpeg,farfalla
1446.jpeg,mucca
1447.jpeg,mucca
1448.jpeg,farfalla
1449.jpeg,gallina
145.jpeg,mucca
1450.jpeg,farfalla
1451.jpeg,farfalla
1452.jpeg,scoiattolo
1453.jpeg,gatto
1454.jpeg,scoiattolo
1455.jpeg,gallina
1456.jpeg,elefante
1457.jpeg,ragno
1458.jpeg,gallina
1459.jpeg,farfalla
146.jpeg,gatto
1460.jpeg,ragno
1461.jpeg,farfalla
1462.jpeg,gatto
1463.jpeg,elefante
1464.jpeg,ragno
1465.jpeg,mucca
1466.jpeg,cavallo
1467.jpeg,elefante
1468.jpeg,gatto
1469.jpeg,cavallo
147.jpeg,farfalla
1470.jpeg,pecora
1471.jpeg,elefante
1472.jpeg,gallina
1473.jpeg,ragno
1474.jpeg,farfalla
1475.jpeg,ragno
1476.jpeg,mucca
1477.jpeg,pecora
1478.jpeg,gatto
1479.jpeg,mucca
148.jpeg,cavallo
1480.jpeg,ragno
1481.jpeg,cavallo
1482.jpeg,cavallo
1483.jpeg,scoiattolo
1484.jpeg,gallina
1485.jpeg,farfalla
1486.jpeg,scoiattolo
1487.jpeg,elefante
1488.jpeg,mucca
1489.jpeg,gatto
149.jpeg,scoiattolo
1490.jpeg,cane
1491.jpeg,pecora
1492.jpeg,cavallo
1493.jpeg,gallina
1494.jpeg,scoiattolo
1495.jpeg,cavallo
1496.jpeg,cane
1497.jpeg,mucca
1498.jpeg,mucca
1499.jpeg,farfalla
15.jpeg,ragno
150.jpeg,ragno
1500.jpeg,gatto
1501.jpeg,mucca
1502.jpeg,cavallo
1503.jpeg,cavallo
1504.jpeg,ragno
1505.jpeg,scoiattolo
1506.jpeg,pecora
1507.jpeg,farfalla
1508.jpeg,gatto
1509.jpeg,ragno
151.jpeg,gallina
1510.jpeg,gallina
1511.jpeg,elefante
1512.jpeg,ragno
1513.jpeg,gatto
1514.jpeg,cane
1515.jpeg,cavallo
1516.jpeg,mucca
1517.jpeg,farfalla
1518.jpeg,ragno
1519.jpeg,gatto
152.jpeg,cavallo
1520.jpeg,pecora
1521.jpeg,cane
1522.jpeg,gallina
1523.jpeg,farfalla
1524.jpeg,cane
1525.jpeg,farfalla
1526.jpeg,mucca
1527.jpeg,mucca
1528.jpeg,mucca
1529.jpeg,elefante
153.jpeg,farfalla
1530.jpeg,cane
1531.jpeg,cavallo
1532.jpeg,cavallo
1533.jpeg,cavallo
1534.jpeg,farfalla
1535.jpeg,elefante
1536.jpeg,scoiattolo
1537.jpeg,pecora
1538.jpeg,farfalla
1539.jpeg,cavallo
154.jpeg,gatto
1540.jpeg,gatto
1541.jpeg,ragno
1542.jpeg,cane
1543.jpeg,mucca
1544.jpeg,ragno
1545.jpeg,farfalla
1546.jpeg,gallina
1547.jpeg,farfalla
1548.jpeg,cavallo
1549.jpeg,cavallo
155.jpeg,gatto
1550.jpeg,elefante
1551.jpeg,cavallo
1552.jpeg,cavallo
1553.jpeg,cane
1554.jpeg,mucca
1555.jpeg,gallina
1556.jpeg,elefante
1557.jpeg,cane
1558.jpeg,gallina
1559.jpeg,pecora
156.jpeg,elefante
1560.jpeg,gatto
1561.jpeg,cane
1562.jpeg,scoiattolo
1563.jpeg,ragno
1564.jpeg,gallina
1565.jpeg,gallina
1566.jpeg,gallina
1567.jpeg,cavallo
1568.jpeg,ragno
1569.jpeg,cavallo
157.jpeg,farfalla
1570.jpeg,pecora
1571.jpeg,ragno
1572.jpeg,elefante
1573.jpeg,farfalla
1574.jpeg,gallina
1575.jpeg,elefante
1576.jpeg,pecora
1577.jpeg,ragno
1578.jpeg,ragno
1579.jpeg,pecora
158.jpeg,farfalla
1580.jpeg,gatto
1581.jpeg,cavallo
1582.jpeg,farfalla
1583.jpeg,gallina
1584.jpeg,cavallo
1585.jpeg,mucca
1586.jpeg,farfalla
1587.jpeg,pecora
1588.jpeg,ragno
1589.jpeg,mucca
159.jpeg,gatto
1590.jpeg,gatto
1591.jpeg,cane
1592.jpeg,elefante
1593.jpeg,farfalla
1594.jpeg,gatto
1595.jpeg,gatto
1596.jpeg,cane
1597.jpeg,ragno
1598.jpeg,elefante
1599.jpeg,gatto
16.jpeg,pecora
160.jpeg,ragno
1600.jpeg,farfalla
1601.jpeg,mucca
1602.jpeg,cane
1603.jpeg,cavallo
1604.jpeg,mucca
1605.jpeg,cavallo
1606.jpeg,scoiattolo
1607.jpeg,ragno
1608.jpeg,cavallo
1609.jpeg,mucca
161.jpeg,mucca
1610.jpeg,mucca
1611.jpeg,elefante
1612.jpeg,gallina
1613.jpeg,farfalla
1614.jpeg,gallina
1615.jpeg,ragno
1616.jpeg,farfalla
1617.jpeg,pecora
1618.jpeg,mucca
1619.jpeg,ragno
162.jpeg,pecora
1620.jpeg,cane
1621.jpeg,gallina
1622.jpeg,scoiattolo
1623.jpeg,elefante
1624.jpeg,cane
1625.jpeg,pecora
1626.jpeg,cane
1627.jpeg,gatto
1628.jpeg,gallina
1629.jpeg,scoiattolo
163.jpeg,mucca
1630.jpeg,elefante
1631.jpeg,elefante
1632.jpeg,scoiattolo
1633.jpeg,ragno
1634.jpeg,scoiattolo
1635.jpeg,cavallo
1636.jpeg,cavallo
1637.jpeg,pecora
1638.jpeg,ragno
1639.jpeg,cavallo
164.jpeg,pecora
1640.jpeg,cavallo
1641.jpeg,ragno
1642.jpeg,mucca
1643.jpeg,cane
1644.jpeg,gallina
1645.jpeg,ragno
1646.jpeg,gatto
1647.jpeg,mucca
1648.jpeg,ragno
1649.jpeg,cavallo
165.jpeg,cavallo
1650.jpeg,elefante
1651.jpeg,mucca
1652.jpeg,mucca
1653.jpeg,cane
1654.jpeg,gatto
1655.jpeg,elefante
1656.jpeg,cavallo
1657.jpeg,gatto
1658.jpeg,mucca
1659.jpeg,cavallo
166.jpeg,cane
1660.jpeg,gatto
1661.jpeg,cane
1662.jpeg,elefante
1663.jpeg,gallina
1664.jpeg,mucca
1665.jpeg,elefante
1666.jpeg,farfalla
1667.jpeg,pecora
1668.jpeg,pecora
1669.jpeg,mucca
167.jpeg,mucca
1670.jpeg,farfalla
1671.jpeg,gatto
1672.jpeg,farfalla
1673.jpeg,gatto
1674.jpeg,gallina
1675.jpeg,cane
1676.jpeg,scoiattolo
1677.jpeg,cane
1678.jpeg,mucca
1679.jpeg,elefante
168.jpeg,ragno
1680.jpeg,scoiattolo
1681.jpeg,gatto
1682.jpeg,gatto
1683.jpeg,elefante
1684.jpeg,mucca
1685.jpeg,pecora
1686.jpeg,gallina
1687.jpeg,cavallo
1688.jpeg,farfalla
1689.jpeg,cavallo
169.jpeg,farfalla
1690.jpeg,cane
1691.jpeg,scoiattolo
1692.jpeg,cane
1693.jpeg,scoiattolo
1694.jpeg,cavallo
1695.jpeg,pecora
1696.jpeg,elefante
1697.jpeg,mucca
1698.jpeg,ragno
1699.jpeg,gatto
17.jpeg,farfalla
170.jpeg,farfalla
1700.jpeg,gatto
1701.jpeg,cane
1702.jpeg,cavallo
1703.jpeg,cavallo
1704.jpeg,cavallo
1705.jpeg,pecora
1706.jpeg,gatto
1707.jpeg,mucca
1708.jpeg,mucca
1709.jpeg,elefante
171.jpeg,gatto
1710.jpeg,farfalla
1711.jpeg,elefante
1712.jpeg,pecora
1713.jpeg,cavallo
1714.jpeg,mucca
1715.jpeg,farfalla
1716.jpeg,cane
1717.jpeg,scoiattolo
1718.jpeg,scoiattolo
1719.jpeg,gallina
172.jpeg,farfalla
1720.jpeg,gallina
1721.jpeg,cane
1722.jpeg,scoiattolo
1723.jpeg,ragno
1724.jpeg,gallina
1725.jpeg,gatto
1726.jpeg,gatto
1727.jpeg,gatto
1728.jpeg,mucca
1729.jpeg,cavallo
173.jpeg,scoiattolo
1730.jpeg,mucca
1731.jpeg,elefante
1732.jpeg,cavallo
1733.jpeg,elefante
1734.jpeg,elefante
1735.jpeg,elefante
1736.jpeg,elefante
1737.jpeg,gallina
1738.jpeg,gatto
1739.jpeg,scoiattolo
174.jpeg,cavallo
1740.jpeg,farfalla
1741.jpeg,cavallo
1742.jpeg,gatto
1743.jpeg,gatto
1744.jpeg,cavallo
1745.jpeg,scoiattolo
1746.jpeg,farfalla
1747.jpeg,cavallo
1748.jpeg,cavallo
1749.jpeg,elefante
175.jpeg,pecora
1750.jpeg,pecora
1751.jpeg,gallina
1752.jpeg,ragno
1753.jpeg,elefante
1754.jpeg,scoiattolo
1755.jpeg,mucca
1756.jpeg,gallina
1757.jpeg,cavallo
1758.jpeg,pecora
1759.jpeg,scoiattolo
176.jpeg,cavallo
1760.jpeg,ragno
1761.jpeg,gatto
1762.jpeg,cavallo
1763.jpeg,pecora
1764.jpeg,gatto
1765.jpeg,pecora
1766.jpeg,mucca
1767.jpeg,cane
1768.jpeg,mucca
1769.jpeg,gatto
177.jpeg,cane
1770.jpeg,cane
1771.jpeg,gallina
1772.jpeg,pecora
1773.jpeg,cavallo
1774.jpeg,mucca
1775.jpeg,pecora
1776.jpeg,scoiattolo
1777.jpeg,mucca
1778.jpeg,gallina
1779.jpeg,gallina
178.jpeg,gatto
1780.jpeg,gallina
1781.jpeg,gatto
1782.jpeg,elefante
1783.jpeg,gatto
1784.jpeg,cavallo
1785.jpeg,scoiattolo
1786.jpeg,pecora
1787.jpeg,farfalla
1788.jpeg,farfalla
1789.jpeg,pecora
179.jpeg,scoiattolo
1790.jpeg,gatto
1791.jpeg,scoiattolo
1792.jpeg,gatto
1793.jpeg,cane
1794.jpeg,cavallo
1795.jpeg,pecora
1796.jpeg,cane
1797.jpeg,ragno
1798.jpeg,cavallo
1799.jpeg,elefante
18.jpeg,scoiattolo
180.jpeg,cane
1800.jpeg,scoiattolo
1801.jpeg,farfalla
1802.jpeg,mucca
1803.jpeg,gatto
1804.jpeg,farfalla
1805.jpeg,farfalla
1806.jpeg,elefante
1807.jpeg,mucca
1808.jpeg,gatto
1809.jpeg,cane
181.jpeg,scoiattolo
1810.jpeg,gallina
1811.jpeg,cavallo
1812.jpeg,cane
1813.jpeg,gallina
1814.jpeg,cavallo
1815.jpeg,mucca
1816.jpeg,ragno
1817.jpeg,mucca
1818.jpeg,gatto
1819.jpeg,scoiattolo
182.jpeg,scoiattolo
1820.jpeg,farfalla
1821.jpeg,cane
1822.jpeg,cavallo
1823.jpeg,farfalla
1824.jpeg,gatto
1825.jpeg,elefante
1826.jpeg,pecora
1827.jpeg,scoiattolo
1828.jpeg,pecora
1829.jpeg,gallina
183.jpeg,ragno
1830.jpeg,gatto
1831.jpeg,scoiattolo
1832.jpeg,scoiattolo
1833.jpeg,gatto
1834.jpeg,elefante
1835.jpeg,mucca
1836.jpeg,cavallo
1837.jpeg,mucca
1838.jpeg,pecora
1839.jpeg,cavallo
184.jpeg,cavallo
1840.jpeg,cavallo
1841.jpeg,gatto
1842.jpeg,cavallo
1843.jpeg,farfalla
1844.jpeg,cane
1845.jpeg,elefante
1846.jpeg,gatto
1847.jpeg,pecora
1848.jpeg,pecora
1849.jpeg,cavallo
185.jpeg,gallina
1850.jpeg,scoiattolo
1851.jpeg,mucca
1852.jpeg,scoiattolo
1853.jpeg,ragno
1854.jpeg,mucca
1855.jpeg,farfalla
1856.jpeg,scoiattolo
1857.jpeg,gallina
1858.jpeg,cavallo
1859.jpeg,cane
186.jpeg,gatto
1860.jpeg,scoiattolo
1861.jpeg,gallina
1862.jpeg,scoiattolo
1863.jpeg,gatto
1864.jpeg,ragno
1865.jpeg,cavallo
1866.jpeg,scoiattolo
1867.jpeg,gallina
1868.jpeg,cavallo
1869.jpeg,mucca
187.jpeg,mucca
1870.jpeg,ragno
1871.jpeg,gatto
1872.jpeg,gatto
1873.jpeg,pecora
1874.jpeg,farfalla
1875.jpeg,pecora
1876.jpeg,gatto
1877.jpeg,scoiattolo
1878.jpeg,farfalla
1879.jpeg,farfalla
188.jpeg,gatto
1880.jpeg,cane
1881.jpeg,elefante
1882.jpeg,farfalla
1883.jpeg,farfalla
1884.jpeg,cane
1885.jpeg,ragno
1886.jpeg,pecora
1887.jpeg,elefante
1888.jpeg,cane
1889.jpeg,farfalla
189.jpeg,cavallo
1890.jpeg,gatto
1891.jpeg,cane
1892.jpeg,scoiattolo
1893.jpeg,gallina
1894.jpeg,farfalla
1895.jpeg,ragno
1896.jpeg,mucca
1897.jpeg,farfalla
1898.jpeg,mucca
1899.jpeg,cane
19.jpeg,mucca
190.jpeg,pecora
1900.jpeg,pecora
1901.jpeg,scoiattolo
1902.jpeg,gatto
1903.jpeg,pecora
1904.jpeg,pecora
1905.jpeg,ragno
1906.jpeg,pecora
1907.jpeg,mucca
1908.jpeg,gatto
1909.jpeg,cavallo
191.jpeg,mucca
1910.jpeg,cavallo
1911.jpeg,cane
1912.jpeg,farfalla
1913.jpeg,cane
1914.jpeg,ragno
1915.jpeg,mucca
1916.jpeg,mucca
1917.jpeg,cane
1918.jpeg,farfalla
1919.jpeg,elefante
192.jpeg,elefante
1920.jpeg,cane
1921.jpeg,elefante
1922.jpeg,elefante
1923.jpeg,gallina
1924.jpeg,pecora
1925.jpeg,elefante
1926.jpeg,ragno
1927.jpeg,scoiattolo
1928.jpeg,ragno
1929.jpeg,cane
193.jpeg,gatto
1930.jpeg,cavallo
1931.jpeg,mucca
1932.jpeg,farfalla
1933.jpeg,elefante
1934.jpeg,pecora
1935.jpeg,gallina
1936.jpeg,gallina
1937.jpeg,cane
1938.jpeg,scoiattolo
1939.jpeg,pecora
194.jpeg,gallina
1940.jpeg,farfalla
1941.jpeg,mucca
1942.jpeg,gatto
1943.jpeg,gatto
1944.jpeg,gatto
1945.jpeg,ragno
1946.jpeg,farfalla
1947.jpeg,cavallo
1948.jpeg,farfalla
1949.jpeg,mucca
195.jpeg,gallina
1950.jpeg,elefante
1951.jpeg,gallina
1952.jpeg,ragno
1953.jpeg,cane
1954.jpeg,mucca
1955.jpeg,gatto
1956.jpeg,mucca
1957.jpeg,scoiattolo
1958.jpeg,gallina
1959.jpeg,mucca
196.jpeg,gallina
1960.jpeg,ragno
1961.jpeg,cavallo
1962.jpeg,ragno
1963.jpeg,ragno
1964.jpeg,cavallo
1965.jpeg,ragno
1966.jpeg,farfalla
1967.jpeg,pecora
1968.jpeg,farfalla
1969.jpeg,cane
197.jpeg,cavallo
1970.jpeg,gatto
1971.jpeg,gatto
1972.jpeg,ragno
1973.jpeg,cavallo
1974.jpeg,gatto
1975.jpeg,elefante
1976.jpeg,cane
1977.jpeg,gatto
1978.jpeg,pecora
1979.jpeg,gatto
198.jpeg,mucca
1980.jpeg,scoiattolo
1981.jpeg,gatto
1982.jpeg,elefante
1983.jpeg,pecora
1984.jpeg,gatto
1985.jpeg,cane
1986.jpeg,pecora
1987.jpeg,gatto
1988.jpeg,elefante
1989.jpeg,cane
199.jpeg,cavallo
1990.jpeg,ragno
1991.jpeg,ragno
1992.jpeg,farfalla
1993.jpeg,elefante
1994.jpeg,ragno
1995.jpeg,mucca
1996.jpeg,pecora
1997.jpeg,cane
1998.jpeg,mucca
1999.jpeg,gallina
2.jpeg,mucca
20.jpeg,ragno
200.jpeg,gallina
2000.jpeg,gallina
2001.jpeg,cane
2002.jpeg,farfalla
2003.jpeg,cane
2004.jpeg,gatto
2005.jpeg,ragno
2006.jpeg,cavallo
2007.jpeg,mucca
2008.jpeg,pecora
2009.jpeg,ragno
201.jpeg,gallina
2010.jpeg,ragno
2011.jpeg,mucca
2012.jpeg,cavallo
2013.jpeg,pecora
2014.jpeg,scoiattolo
2015.jpeg,gatto
2016.jpeg,pecora
2017.jpeg,ragno
2018.jpeg,elefante
2019.jpeg,ragno
202.jpeg,cavallo
2020.jpeg,gatto
2021.jpeg,cavallo
2022.jpeg,gatto
2023.jpeg,pecora
2024.jpeg,gatto
2025.jpeg,gallina
2026.jpeg,gallina
2027.jpeg,farfalla
2028.jpeg,gatto
2029.jpeg,gatto
203.jpeg,gallina
2030.jpeg,gatto
2031.jpeg,elefante
2032.jpeg,ragno
2033.jpeg,elefante
2034.jpeg,cane
2035.jpeg,pecora
2036.jpeg,mucca
2037.jpeg,ragno
2038.jpeg,cavallo
2039.jpeg,mucca
204.jpeg,scoiattolo
2040.jpeg,scoiattolo
2041.jpeg,cavallo
2042.jpeg,gallina
2043.jpeg,gatto
2044.jpeg,pecora
2045.jpeg,scoiattolo
2046.jpeg,scoiattolo
2047.jpeg,farfalla
2048.jpeg,pecora
2049.jpeg,elefante
205.jpeg,ragno
2050.jpeg,scoiattolo
2051.jpeg,gatto
2052.jpeg,mucca
2053.jpeg,pecora
2054.jpeg,scoiattolo
2055.jpeg,mucca
2056.jpeg,cane
2057.jpeg,cane
2058.jpeg,gatto
2059.jpeg,cane
206.jpeg,elefante
2060.jpeg,gatto
2061.jpeg,cane
2062.jpeg,farfalla
2063.jpeg,scoiattolo
2064.jpeg,elefante
2065.jpeg,pecora
2066.jpeg,pecora
2067.jpeg,pecora
2068.jpeg,pecora
2069.jpeg,elefante
207.jpeg,pecora
2070.jpeg,ragno
2071.jpeg,ragno
2072.jpeg,pecora
2073.jpeg,farfalla
2074.jpeg,gallina
2075.jpeg,ragno
2076.jpeg,elefante
2077.jpeg,farfalla
2078.jpeg,cane
2079.jpeg,cavallo
208.jpeg,scoiattolo
2080.jpeg,gatto
2081.jpeg,gatto
2082.jpeg,mucca
2083.jpeg,cane
2084.jpeg,farfalla
2085.jpeg,farfalla
2086.jpeg,elefante
2087.jpeg,scoiattolo
2088.jpeg,cane
2089.jpeg,ragno
209.jpeg,cane
2090.jpeg,mucca
2091.jpeg,cavallo
2092.jpeg,mucca
2093.jpeg,farfalla
2094.jpeg,cane
2095.jpeg,gallina
2096.jpeg,cavallo
2097.jpeg,cane
2098.jpeg,farfalla
2099.jpeg,ragno
21.jpeg,mucca
210.jpeg,gallina
2100.jpeg,ragno
2101.jpeg,gallina
2102.jpeg,gatto
2103.jpeg,gallina
2104.jpeg,gallina
2105.jpeg,gallina
2106.jpeg,mucca
2107.jpeg,farfalla
2108.jpeg,cavallo
2109.jpeg,farfalla
211.jpeg,cane
2110.jpeg,farfalla
2111.jpeg,cavallo
2112.jpeg,scoiattolo
2113.jpeg,farfalla
2114.jpeg,cane
2115.jpeg,gatto
2116.jpeg,elefante
2117.jpeg,ragno
2118.jpeg,gatto
2119.jpeg,gallina
212.jpeg,cane
2120.jpeg,ragno
2121.jpeg,farfalla
2122.jpeg,ragno
2123.jpeg,farfalla
2124.jpeg,gatto
2125.jpeg,gallina
2126.jpeg,cane
2127.jpeg,cavallo
2128.jpeg,mucca
2129.jpeg,cavallo
213.jpeg,farfalla
2130.jpeg,mucca
2131.jpeg,mucca
2132.jpeg,scoiattolo
2133.jpeg,gallina
2134.jpeg,pecora
2135.jpeg,elefante
2136.jpeg,mucca
2137.jpeg,gatto
2138.jpeg,gatto
2139.jpeg,cavallo
214.jpeg,cane
2140.jpeg,cane
2141.jpeg,pecora
2142.jpeg,mucca
2143.jpeg,pecora
2144.jpeg,scoiattolo
2145.jpeg,elefante
2146.jpeg,cavallo
2147.jpeg,cavallo
2148.jpeg,cavallo
2149.jpeg,mucca
215.jpeg,pecora
2150.jpeg,ragno
2151.jpeg,ragno
2152.jpeg,farfalla
2153.jpeg,gallina
2154.jpeg,elefante
2155.jpeg,ragno
2156.jpeg,cavallo
2157.jpeg,scoiattolo
2158.jpeg,elefante
2159.jpeg,farfalla
216.jpeg,mucca
2160.jpeg,cane
2161.jpeg,cavallo
2162.jpeg,cane
2163.jpeg,ragno
2164.jpeg,cane
2165.jpeg,elefante
2166.jpeg,ragno
2167.jpeg,gallina
2168.jpeg,mucca
2169.jpeg,pecora
217.jpeg,farfalla
2170.jpeg,ragno
2171.jpeg,cavallo
2172.jpeg,cane
2173.jpeg,pecora
2174.jpeg,cavallo
2175.jpeg,farfalla
2176.jpeg,farfalla
2177.jpeg,cavallo
2178.jpeg,scoiattolo
2179.jpeg,gallina
218.jpeg,gallina
2180.jpeg,gallina
2181.jpeg,scoiattolo
2182.jpeg,mucca
2183.jpeg,ragno
2184.jpeg,cavallo
2185.jpeg,ragno
2186.jpeg,ragno
2187.jpeg,gatto
2188.jpeg,cane
2189.jpeg,pecora
219.jpeg,farfalla
2190.jpeg,elefante
2191.jpeg,scoiattolo
2192.jpeg,gallina
2193.jpeg,gatto
2194.jpeg,farfalla
2195.jpeg,mucca
2196.jpeg,mucca
2197.jpeg,cane
2198.jpeg,ragno
2199.jpeg,scoiattolo
22.jpeg,mucca
220.jpeg,scoiattolo
2200.jpeg,pecora
2201.jpeg,cavallo
2202.jpeg,cane
2203.jpeg,pecora
2204.jpeg,gatto
2205.jpeg,gallina
2206.jpeg,elefante
2207.jpeg,gatto
2208.jpeg,elefante
2209.jpeg,gallina
221.jpeg,gatto
2210.jpeg,pecora
2211.jpeg,cane
2212.jpeg,gatto
2213.jpeg,cavallo
2214.jpeg,farfalla
2215.jpeg,mucca
2216.jpeg,cavallo
2217.jpeg,farfalla
2218.jpeg,elefante
2219.jpeg,farfalla
222.jpeg,gallina
2220.jpeg,pecora
2221.jpeg,scoiattolo
2222.jpeg,pecora
2223.jpeg,mucca
2224.jpeg,farfalla
2225.jpeg,mucca
2226.jpeg,gallina
2227.jpeg,elefante
2228.jpeg,mucca
2229.jpeg,elefante
223.jpeg,cane
2230.jpeg,pecora
2231.jpeg,gallina
2232.jpeg,gatto
2233.jpeg,elefante
2234.jpeg,pecora
2235.jpeg,cavallo
2236.jpeg,gatto
2237.jpeg,cane
2238.jpeg,elefante
2239.jpeg,gallina
224.jpeg,pecora
2240.jpeg,farfalla
2241.jpeg,elefante
2242.jpeg,pecora
2243.jpeg,cavallo
2244.jpeg,mucca
2245.jpeg,cavallo
2246.jpeg,gatto
2247.jpeg,mucca
2248.jpeg,cavallo
2249.jpeg,gallina
225.jpeg,farfalla
2250.jpeg,cane
2251.jpeg,ragno
2252.jpeg,mucca
2253.jpeg,scoiattolo
2254.jpeg,farfalla
2255.jpeg,scoiattolo
2256.jpeg,farfalla
2257.jpeg,gallina
2258.jpeg,elefante
2259.jpeg,scoiattolo
226.jpeg,cane
2260.jpeg,elefante
2261.jpeg,mucca
2262.jpeg,gatto
2263.jpeg,pecora
2264.jpeg,cane
2265.jpeg,gatto
2266.jpeg,scoiattolo
2267.jpeg,elefante
2268.jpeg,elefante
2269.jpeg,ragno
227.jpeg,pecora
2270.jpeg,gatto
2271.jpeg,farfalla
2272.jpeg,mucca
2273.jpeg,elefante
2274.jpeg,scoiattolo
2275.jpeg,ragno
2276.jpeg,gatto
2277.jpeg,cavallo
2278.jpeg,cane
2279.jpeg,elefante
228.jpeg,pecora
2280.jpeg,scoiattolo
2281.jpeg,pecora
2282.jpeg,mucca
2283.jpeg,cane
2284.jpeg,elefante
2285.jpeg,mucca
2286.jpeg,pecora
2287.jpeg,gallina
2288.jpeg,cavallo
2289.jpeg,ragno
229.jpeg,cane
2290.jpeg,elefante
2291.jpeg,pecora
2292.jpeg,pecora
2293.jpeg,scoiattolo
2294.jpeg,scoiattolo
2295.jpeg,gatto
2296.jpeg,farfalla
2297.jpeg,mucca
2298.jpeg,farfalla
2299.jpeg,gallina
23.jpeg,gatto
230.jpeg,gatto
2300.jpeg,pecora
2301.jpeg,gallina
2302.jpeg,gallina
2303.jpeg,mucca
2304.jpeg,gatto
2305.jpeg,elefante
2306.jpeg,mucca
2307.jpeg,ragno
2308.jpeg,scoiattolo
2309.jpeg,pecora
231.jpeg,gatto
2310.jpeg,mucca
2311.jpeg,pecora
2312.jpeg,farfalla
2313.jpeg,cavallo
2314.jpeg,gallina
2315.jpeg,elefante
2316.jpeg,cane
2317.jpeg,farfalla
2318.jpeg,farfalla
2319.jpeg,elefante
232.jpeg,gatto
2320.jpeg,cane
2321.jpeg,elefante
2322.jpeg,cavallo
2323.jpeg,elefante
2324.jpeg,elefante
2325.jpeg,scoiattolo
2326.jpeg,scoiattolo
2327.jpeg,gallina
2328.jpeg,farfalla
2329.jpeg,farfalla
233.jpeg,cavallo
2330.jpeg,cavallo
2331.jpeg,pecora
2332.jpeg,ragno
2333.jpeg,scoiattolo
2334.jpeg,elefante
2335.jpeg,farfalla
2336.jpeg,cane
2337.jpeg,farfalla
2338.jpeg,mucca
2339.jpeg,cavallo
234.jpeg,gallina
2340.jpeg,mucca
2341.jpeg,scoiattolo
2342.jpeg,scoiattolo
2343.jpeg,elefante
2344.jpeg,pecora
2345.jpeg,pecora
2346.jpeg,farfalla
2347.jpeg,ragno
2348.jpeg,mucca
2349.jpeg,mucca
235.jpeg,ragno
2350.jpeg,gallina
2351.jpeg,ragno
2352.jpeg,gallina
2353.jpeg,pecora
2354.jpeg,cane
2355.jpeg,elefante
2356.jpeg,cane
2357.jpeg,gatto
2358.jpeg,cavallo
2359.jpeg,pecora
236.jpeg,pecora
2360.jpeg,elefante
2361.jpeg,pecora
2362.jpeg,scoiattolo
2363.jpeg,ragno
2364.jpeg,gatto
2365.jpeg,scoiattolo
2366.jpeg,gallina
2367.jpeg,scoiattolo
2368.jpeg,scoiattolo
2369.jpeg,gatto
237.jpeg,scoiattolo
2370.jpeg,gallina
2371.jpeg,elefante
2372.jpeg,elefante
2373.jpeg,pecora
2374.jpeg,elefante
2375.jpeg,gallina
2376.jpeg,cane
2377.jpeg,gallina
2378.jpeg,scoiattolo
2379.jpeg,ragno
238.jpeg,gatto
2380.jpeg,scoiattolo
2381.jpeg,pecora
2382.jpeg,gatto
2383.jpeg,pecora
2384.jpeg,farfalla
2385.jpeg,ragno
2386.jpeg,gatto
2387.jpeg,pecora
2388.jpeg,scoiattolo
2389.jpeg,mucca
239.jpeg,elefante
2390.jpeg,ragno
2391.jpeg,cavallo
2392.jpeg,scoiattolo
2393.jpeg,pecora
2394.jpeg,ragno
2395.jpeg,pecora
2396.jpeg,ragno
2397.jpeg,cane
2398.jpeg,scoiattolo
2399.jpeg,mucca
24.jpeg,gatto
240.jpeg,mucca
2400.jpeg,farfalla
2401.jpeg,mucca
2402.jpeg,gatto
2403.jpeg,cane
2404.jpeg,ragno
2405.jpeg,cavallo
2406.jpeg,gatto
2407.jpeg,gatto
2408.jpeg,gallina
2409.jpeg,gatto
241.jpeg,gallina
2410.jpeg,mucca
2411.jpeg,farfalla
2412.jpeg,gatto
2413.jpeg,cane
2414.jpeg,farfalla
2415.jpeg,gatto
2416.jpeg,gatto
2417.jpeg,pecora
2418.jpeg,elefante
2419.jpeg,farfalla
242.jpeg,farfalla
2420.jpeg,ragno
2421.jpeg,gatto
2422.jpeg,gallina
2423.jpeg,pecora
2424.jpeg,gatto
2425.jpeg,ragno
2426.jpeg,pecora
2427.jpeg,scoiattolo
2428.jpeg,mucca
2429.jpeg,gatto
243.jpeg,scoiattolo
2430.jpeg,scoiattolo
2431.jpeg,scoiattolo
2432.jpeg,gatto
2433.jpeg,gallina
2434.jpeg,scoiattolo
2435.jpeg,cavallo
2436.jpeg,cavallo
2437.jpeg,pecora
2438.jpeg,gatto
2439.jpeg,pecora
244.jpeg,cane
2440.jpeg,cane
2441.jpeg,scoiattolo
2442.jpeg,scoiattolo
2443.jpeg,mucca
2444.jpeg,gallina
2445.jpeg,farfalla
2446.jpeg,pecora
2447.jpeg,ragno
2448.jpeg,ragno
2449.jpeg,mucca
245.jpeg,pecora
2450.jpeg,cavallo
2451.jpeg,farfalla
2452.jpeg,gatto
2453.jpeg,cavallo
2454.jpeg,pecora
2455.jpeg,elefante
2456.jpeg,gatto
2457.jpeg,ragno
2458.jpeg,mucca
2459.jpeg,pecora
246.jpeg,gatto
2460.jpeg,cavallo
2461.jpeg,farfalla
2462.jpeg,mucca
2463.jpeg,cavallo
2464.jpeg,gallina
2465.jpeg,cavallo
2466.jpeg,ragno
2467.jpeg,ragno
2468.jpeg,mucca
2469.jpeg,scoiattolo
247.jpeg,gallina
2470.jpeg,elefante
2471.jpeg,ragno
2472.jpeg,elefante
2473.jpeg,mucca
2474.jpeg,ragno
2475.jpeg,gatto
2476.jpeg,cavallo
2477.jpeg,farfalla
2478.jpeg,cane
2479.jpeg,mucca
248.jpeg,gatto
2480.jpeg,elefante
2481.jpeg,mucca
2482.jpeg,cane
2483.jpeg,gallina
2484.jpeg,pecora
2485.jpeg,ragno
2486.jpeg,pecora
2487.jpeg,cane
2488.jpeg,cane
2489.jpeg,elefante
249.jpeg,elefante
2490.jpeg,ragno
2491.jpeg,mucca
2492.jpeg,cavallo
2493.jpeg,scoiattolo
2494.jpeg,scoiattolo
2495.jpeg,cavallo
2496.jpeg,ragno
2497.jpeg,gallina
2498.jpeg,gatto
2499.jpeg,pecora
25.jpeg,pecora
250.jpeg,cane
2500.jpeg,gallina
2501.jpeg,farfalla
2502.jpeg,elefante
2503.jpeg,gallina
2504.jpeg,cane
2505.jpeg,gallina
2506.jpeg,mucca
2507.jpeg,ragno
2508.jpeg,farfalla
2509.jpeg,elefante
251.jpeg,elefante
2510.jpeg,mucca
2511.jpeg,mucca
2512.jpeg,cavallo
2513.jpeg,pecora
2514.jpeg,mucca
2515.jpeg,gatto
2516.jpeg,gatto
2517.jpeg,mucca
2518.jpeg,farfalla
2519.jpeg,pecora
252.jpeg,cavallo
2520.jpeg,farfalla
2521.jpeg,cane
2522.jpeg,farfalla
2523.jpeg,cane
2524.jpeg,mucca
2525.jpeg,gatto
2526.jpeg,gallina
2527.jpeg,mucca
2528.jpeg,pecora
2529.jpeg,ragno
253.jpeg,cavallo
2530.jpeg,cavallo
2531.jpeg,pecora
2532.jpeg,cane
2533.jpeg,cane
2534.jpeg,gallina
2535.jpeg,mucca
2536.jpeg,elefante
2537.jpeg,ragno
2538.jpeg,mucca
2539.jpeg,gallina
254.jpeg,elefante
2540.jpeg,cavallo
2541.jpeg,mucca
2542.jpeg,cane
2543.jpeg,gatto
2544.jpeg,gatto
2545.jpeg,mucca
2546.jpeg,mucca
2547.jpeg,gallina
2548.jpeg,pecora
2549.jpeg,ragno
255.jpeg,ragno
2550.jpeg,cane
2551.jpeg,gallina
2552.jpeg,pecora
2553.jpeg,farfalla
2554.jpeg,cane
2555.jpeg,scoiattolo
2556.jpeg,ragno
2557.jpeg,cavallo
2558.jpeg,cavallo
2559.jpeg,cavallo
256.jpeg,ragno
2560.jpeg,elefante
2561.jpeg,pecora
2562.jpeg,cavallo
2563.jpeg,mucca
2564.jpeg,gallina
2565.jpeg,scoiattolo
2566.jpeg,cavallo
2567.jpeg,gatto
2568.jpeg,gallina
2569.jpeg,pecora
257.jpeg,ragno
2570.jpeg,scoiattolo
2571.jpeg,gatto
2572.jpeg,gatto
2573.jpeg,pecora
2574.jpeg,cane
2575.jpeg,gatto
2576.jpeg,cane
2577.jpeg,elefante
2578.jpeg,mucca
2579.jpeg,gatto
258.jpeg,elefante
2580.jpeg,gatto
2581.jpeg,elefante
2582.jpeg,pecora
2583.jpeg,elefante
2584.jpeg,mucca
2585.jpeg,cane
2586.jpeg,cane
2587.jpeg,mucca
2588.jpeg,farfalla
2589.jpeg,mucca
259.jpeg,scoiattolo
2590.jpeg,cavallo
2591.jpeg,farfalla
2592.jpeg,gatto
2593.jpeg,gallina
2594.jpeg,farfalla
2595.jpeg,farfalla
2596.jpeg,elefante
2597.jpeg,gallina
2598.jpeg,cavallo
2599.jpeg,mucca
26.jpeg,cavallo
260.jpeg,ragno
2600.jpeg,gatto
2601.jpeg,ragno
2602.jpeg,ragno
2603.jpeg,pecora
2604.jpeg,cavallo
2605.jpeg,pecora
2606.jpeg,mucca
2607.jpeg,elefante
2608.jpeg,cavallo
2609.jpeg,mucca
261.jpeg,scoiattolo
2610.jpeg,scoiattolo
2611.jpeg,pecora
2612.jpeg,gallina
2613.jpeg,cane
2614.jpeg,cane
2615.jpeg,pecora
2616.jpeg,gatto
2617.jpeg,cane
2618.jpeg,ragno
2619.jpeg,farfalla
262.jpeg,ragno
2620.jpeg,ragno
2621.jpeg,pecora
2622.jpeg,gatto
2623.jpeg,gatto
2624.jpeg,cane
2625.jpeg,ragno
2626.jpeg,elefante
2627.jpeg,elefante
2628.jpeg,gallina
2629.jpeg,gatto
263.jpeg,gatto
2630.jpeg,cane
2631.jpeg,cavallo
2632.jpeg,scoiattolo
2633.jpeg,scoiattolo
2634.jpeg,cane
2635.jpeg,gatto
2636.jpeg,cane
2637.jpeg,ragno
2638.jpeg,gallina
2639.jpeg,elefante
264.jpeg,gallina
2640.jpeg,gatto
2641.jpeg,cavallo
2642.jpeg,elefante
2643.jpeg,cane
2644.jpeg,cane
2645.jpeg,mucca
2646.jpeg,mucca
2647.jpeg,farfalla
2648.jpeg,gallina
2649.jpeg,gallina
265.jpeg,elefante
2650.jpeg,scoiattolo
2651.jpeg,mucca
2652.jpeg,gallina
2653.jpeg,pecora
2654.jpeg,pecora
2655.jpeg,pecora
2656.jpeg,cavallo
2657.jpeg,ragno
2658.jpeg,farfalla
2659.jpeg,farfalla
266.jpeg,gatto
2660.jpeg,pecora
2661.jpeg,pecora
2662.jpeg,ragno
2663.jpeg,cavallo
2664.jpeg,scoiattolo
2665.jpeg,ragno
2666.jpeg,gallina
2667.jpeg,gallina
2668.jpeg,elefante
2669.jpeg,pecora
267.jpeg,gallina
2670.jpeg,mucca
2671.jpeg,mucca
2672.jpeg,mucca
2673.jpeg,scoiattolo
2674.jpeg,mucca
2675.jpeg,farfalla
2676.jpeg,scoiattolo
2677.jpeg,farfalla
2678.jpeg,pecora
2679.jpeg,cane
268.jpeg,gatto
2680.jpeg,elefante
2681.jpeg,gallina
2682.jpeg,elefante
2683.jpeg,elefante
2684.jpeg,cane
2685.jpeg,farfalla
2686.jpeg,pecora
2687.jpeg,cane
2688.jpeg,farfalla
2689.jpeg,scoiattolo
269.jpeg,farfalla
2690.jpeg,mucca
2691.jpeg,cavallo
2692.jpeg,cane
2693.jpeg,cane
2694.jpeg,cavallo
2695.jpeg,gallina
2696.jpeg,pecora
2697.jpeg,gatto
2698.jpeg,cavallo
2699.jpeg,ragno
27.jpeg,ragno
270.jpeg,gallina
2700.jpeg,farfalla
2701.jpeg,farfalla
2702.jpeg,elefante
2703.jpeg,mucca
2704.jpeg,scoiattolo
2705.jpeg,ragno
2706.jpeg,elefante
2707.jpeg,elefante
2708.jpeg,scoiattolo
2709.jpeg,cane
271.jpeg,elefante
2710.jpeg,ragno
2711.jpeg,gallina
2712.jpeg,cavallo
2713.jpeg,gallina
2714.jpeg,farfalla
2715.jpeg,ragno
2716.jpeg,cane
2717.jpeg,gallina
2718.jpeg,scoiattolo
2719.jpeg,pecora
272.jpeg,scoiattolo
2720.jpeg,ragno
2721.jpeg,ragno
2722.jpeg,gatto
2723.jpeg,gallina
2724.jpeg,ragno
2725.jpeg,cavallo
2726.jpeg,elefante
2727.jpeg,pecora
2728.jpeg,ragno
2729.jpeg,scoiattolo
273.jpeg,farfalla
2730.jpeg,cane
2731.jpeg,cavallo
2732.jpeg,scoiattolo
2733.jpeg,gallina
2734.jpeg,gallina
2735.jpeg,elefante
2736.jpeg,cavallo
2737.jpeg,gallina
2738.jpeg,cane
2739.jpeg,cane
274.jpeg,ragno
2740.jpeg,cavallo
2741.jpeg,gatto
2742.jpeg,cavallo
2743.jpeg,gatto
2744.jpeg,elefante
2745.jpeg,scoiattolo
2746.jpeg,cane
2747.jpeg,gatto
2748.jpeg,scoiattolo
2749.jpeg,gatto
275.jpeg,gallina
2750.jpeg,mucca
2751.jpeg,scoiattolo
2752.jpeg,farfalla
2753.jpeg,gatto
2754.jpeg,gatto
2755.jpeg,farfalla
2756.jpeg,cane
2757.jpeg,ragno
2758.jpeg,gatto
2759.jpeg,scoiattolo
276.jpeg,cane
2760.jpeg,cavallo
2761.jpeg,scoiattolo
2762.jpeg,elefante
2763.jpeg,mucca
2764.jpeg,pecora
2765.jpeg,elefante
2766.jpeg,cavallo
2767.jpeg,gatto
2768.jpeg,cane
2769.jpeg,scoiattolo
277.jpeg,farfalla
2770.jpeg,ragno
2771.jpeg,cane
2772.jpeg,gallina
2773.jpeg,pecora
2774.jpeg,pecora
2775.jpeg,elefante
2776.jpeg,farfalla
2777.jpeg,farfalla
2778.jpeg,gatto
2779.jpeg,mucca
278.jpeg,ragno
2780.jpeg,pecora
2781.jpeg,elefante
2782.jpeg,elefante
2783.jpeg,mucca
2784.jpeg,gallina
2785.jpeg,elefante
2786.jpeg,gallina
2787.jpeg,elefante
2788.jpeg,mucca
2789.jpeg,farfalla
279.jpeg,elefante
2790.jpeg,gallina
2791.jpeg,pecora
2792.jpeg,scoiattolo
2793.jpeg,ragno
2794.jpeg,farfalla
2795.jpeg,elefante
2796.jpeg,pecora
2797.jpeg,pecora
2798.jpeg,cavallo
2799.jpeg,cavallo
28.jpeg,cane
280.jpeg,cane
2800.jpeg,mucca
2801.jpeg,farfalla
2802.jpeg,ragno
2803.jpeg,gallina
2804.jpeg,mucca
2805.jpeg,ragno
2806.jpeg,gatto
2807.jpeg,gallina
2808.jpeg,mucca
2809.jpeg,gallina
281.jpeg,scoiattolo
2810.jpeg,pecora
2811.jpeg,cavallo
2812.jpeg,elefante
2813.jpeg,ragno
2814.jpeg,gallina
2815.jpeg,cane
2816.jpeg,gatto
2817.jpeg,scoiattolo
2818.jpeg,scoiattolo
2819.jpeg,cane
282.jpeg,ragno
2820.jpeg,cavallo
2821.jpeg,scoiattolo
2822.jpeg,farfalla
2823.jpeg,mucca
2824.jpeg,cane
2825.jpeg,elefante
2826.jpeg,gatto
2827.jpeg,gatto
2828.jpeg,cavallo
2829.jpeg,gallina
283.jpeg,cane
2830.jpeg,ragno
2831.jpeg,cavallo
2832.jpeg,mucca
2833.jpeg,ragno
2834.jpeg,mucca
2835.jpeg,farfalla
2836.jpeg,ragno
2837.jpeg,elefante
2838.jpeg,scoiattolo
2839.jpeg,elefante
284.jpeg,elefante
2840.jpeg,gatto
2841.jpeg,farfalla
2842.jpeg,cane
2843.jpeg,gallina
2844.jpeg,mucca
2845.jpeg,ragno
2846.jpeg,farfalla
2847.jpeg,cavallo
2848.jpeg,mucca
2849.jpeg,cavallo
285.jpeg,gallina
2850.jpeg,mucca
2851.jpeg,gallina
2852.jpeg,cane
2853.jpeg,scoiattolo
2854.jpeg,gallina
2855.jpeg,scoiattolo
2856.jpeg,farfalla
2857.jpeg,cavallo
2858.jpeg,pecora
2859.jpeg,gallina
286.jpeg,gatto
2860.jpeg,gallina
2861.jpeg,cavallo
2862.jpeg,gallina
2863.jpeg,ragno
2864.jpeg,gallina
2865.jpeg,scoiattolo
2866.jpeg,cavallo
2867.jpeg,farfalla
2868.jpeg,gatto
2869.jpeg,scoiattolo
287.jpeg,elefante
2870.jpeg,elefante
2871.jpeg,scoiattolo
2872.jpeg,scoiattolo
2873.jpeg,mucca
2874.jpeg,cavallo
2875.jpeg,scoiattolo
2876.jpeg,ragno
2877.jpeg,elefante
2878.jpeg,gallina
2879.jpeg,cavallo
288.jpeg,gatto
2880.jpeg,cavallo
2881.jpeg,elefante
2882.jpeg,scoiattolo
2883.jpeg,pecora
2884.jpeg,elefante
2885.jpeg,elefante
2886.jpeg,cavallo
2887.jpeg,mucca
2888.jpeg,cane
2889.jpeg,pecora
289.jpeg,gatto
2890.jpeg,elefante
2891.jpeg,scoiattolo
2892.jpeg,pecora
2893.jpeg,gallina
2894.jpeg,pecora
2895.jpeg,cane
2896.jpeg,elefante
2897.jpeg,pecora
2898.jpeg,gatto
2899.jpeg,mucca
29.jpeg,ragno
290.jpeg,cane
2900.jpeg,pecora
2901.jpeg,gatto
2902.jpeg,cane
2903.jpeg,pecora
2904.jpeg,pecora
2905.jpeg,cane
2906.jpeg,farfalla
2907.jpeg,farfalla
2908.jpeg,pecora
2909.jpeg,elefante
291.jpeg,pecora
2910.jpeg,mucca
2911.jpeg,farfalla
2912.jpeg,mucca
2913.jpeg,mucca
2914.jpeg,ragno
2915.jpeg,farfalla
2916.jpeg,ragno
2917.jpeg,cavallo
2918.jpeg,pecora
2919.jpeg,elefante
292.jpeg,mucca
2920.jpeg,farfalla
2921.jpeg,gatto
2922.jpeg,scoiattolo
2923.jpeg,farfalla
2924.jpeg,cane
2925.jpeg,gatto
2926.jpeg,elefante
2927.jpeg,cane
2928.jpeg,pecora
2929.jpeg,ragno
293.jpeg,gallina
2930.jpeg,cane
2931.jpeg,pecora
2932.jpeg,mucca
2933.jpeg,cavallo
2934.jpeg,pecora
2935.jpeg,mucca
2936.jpeg,cavallo
2937.jpeg,scoiattolo
2938.jpeg,farfalla
2939.jpeg,pecora
294.jpeg,cavallo
2940.jpeg,pecora
2941.jpeg,cavallo
2942.jpeg,ragno
2943.jpeg,gallina
2944.jpeg,farfalla
2945.jpeg,ragno
2946.jpeg,ragno
2947.jpeg,elefante
2948.jpeg,gallina
2949.jpeg,mucca
295.jpeg,gatto
2950.jpeg,cavallo
2951.jpeg,cavallo
2952.jpeg,cavallo
2953.jpeg,elefante
2954.jpeg,gallina
2955.jpeg,ragno
2956.jpeg,gallina
2957.jpeg,cane
2958.jpeg,pecora
2959.jpeg,scoiattolo
296.jpeg,cavallo
2960.jpeg,gallina
2961.jpeg,mucca
2962.jpeg,farfalla
2963.jpeg,gallina
2964.jpeg,mucca
2965.jpeg,cane
2966.jpeg,scoiattolo
2967.jpeg,cavallo
2968.jpeg,scoiattolo
2969.jpeg,pecora
297.jpeg,gatto
2970.jpeg,gatto
2971.jpeg,mucca
2972.jpeg,gatto
2973.jpeg,cavallo
2974.jpeg,gallina
2975.jpeg,gatto
2976.jpeg,gallina
2977.jpeg,scoiattolo
2978.jpeg,mucca
2979.jpeg,cavallo
298.jpeg,farfalla
2980.jpeg,elefante
2981.jpeg,pecora
2982.jpeg,cane
2983.jpeg,gatto
2984.jpeg,pecora
2985.jpeg,ragno
2986.jpeg,gallina
2987.jpeg,cane
2988.jpeg,cane
2989.jpeg,cavallo
299.jpeg,gatto
2990.jpeg,farfalla
2991.jpeg,ragno
2992.jpeg,cavallo
2993.jpeg,gallina
2994.jpeg,cavallo
2995.jpeg,gallina
2996.jpeg,cane
2997.jpeg,farfalla
2998.jpeg,scoiattolo
2999.jpeg,farfalla
3.jpeg,scoiattolo
30.jpeg,cavallo
300.jpeg,elefante
3000.jpeg,ragno
3001.jpeg,cavallo
3002.jpeg,gallina
3003.jpeg,pecora
3004.jpeg,cavallo
3005.jpeg,scoiattolo
3006.jpeg,ragno
3007.jpeg,gallina
3008.jpeg,mucca
3009.jpeg,gatto
301.jpeg,ragno
3010.jpeg,mucca
3011.jpeg,ragno
3012.jpeg,ragno
3013.jpeg,gatto
3014.jpeg,farfalla
3015.jpeg,farfalla
3016.jpeg,elefante
3017.jpeg,gallina
3018.jpeg,ragno
3019.jpeg,elefante
302.jpeg,pecora
3020.jpeg,cane
3021.jpeg,pecora
3022.jpeg,elefante
3023.jpeg,farfalla
3024.jpeg,ragno
3025.jpeg,elefante
3026.jpeg,scoiattolo
3027.jpeg,farfalla
3028.jpeg,ragno
3029.jpeg,cane
303.jpeg,gallina
3030.jpeg,farfalla
3031.jpeg,cane
3032.jpeg,mucca
3033.jpeg,mucca
3034.jpeg,ragno
3035.jpeg,gallina
3036.jpeg,cavallo
3037.jpeg,pecora
3038.jpeg,elefante
3039.jpeg,gallina
304.jpeg,ragno
3040.jpeg,pecora
3041.jpeg,farfalla
3042.jpeg,gatto
3043.jpeg,gallina
3044.jpeg,ragno
3045.jpeg,cavallo
3046.jpeg,gatto
3047.jpeg,cavallo
3048.jpeg,pecora
3049.jpeg,cane
305.jpeg,farfalla
3050.jpeg,ragno
3051.jpeg,elefante
3052.jpeg,pecora
3053.jpeg,ragno
3054.jpeg,scoiattolo
3055.jpeg,gatto
3056.jpeg,scoiattolo
3057.jpeg,cane
3058.jpeg,ragno
3059.jpeg,ragno
306.jpeg,cane
3060.jpeg,gatto
3061.jpeg,pecora
3062.jpeg,scoiattolo
3063.jpeg,mucca
3064.jpeg,gatto
3065.jpeg,gatto
3066.jpeg,elefante
3067.jpeg,farfalla
3068.jpeg,cane
3069.jpeg,pecora
307.jpeg,pecora
3070.jpeg,elefante
3071.jpeg,cane
3072.jpeg,scoiattolo
3073.jpeg,cavallo
3074.jpeg,gatto
3075.jpeg,gallina
3076.jpeg,pecora
3077.jpeg,pecora
3078.jpeg,gatto
3079.jpeg,pecora
308.jpeg,elefante
3080.jpeg,cavallo
3081.jpeg,ragno
3082.jpeg,cavallo
3083.jpeg,farfalla
3084.jpeg,mucca
3085.jpeg,farfalla
3086.jpeg,mucca
3087.jpeg,mucca
3088.jpeg,scoiattolo
3089.jpeg,scoiattolo
309.jpeg,mucca
3090.jpeg,cavallo
3091.jpeg,gatto
3092.jpeg,ragno
3093.jpeg,mucca
3094.jpeg,scoiattolo
3095.jpeg,gallina
3096.jpeg,ragno
3097.jpeg,scoiattolo
3098.jpeg,gallina
3099.jpeg,mucca
31.jpeg,pecora
310.jpeg,ragno
3100.jpeg,gatto
3101.jpeg,farfalla
3102.jpeg,pecora
3103.jpeg,gatto
3104.jpeg,cane
3105.jpeg,gallina
3106.jpeg,mucca
3107.jpeg,gallina
3108.jpeg,ragno
3109.jpeg,gallina
311.jpeg,elefante
3110.jpeg,cane
3111.jpeg,ragno
3112.jpeg,scoiattolo
3113.jpeg,gallina
3114.jpeg,ragno
3115.jpeg,elefante
3116.jpeg,pecora
3117.jpeg,pecora
3118.jpeg,farfalla
3119.jpeg,ragno
312.jpeg,mucca
3120.jpeg,scoiattolo
3121.jpeg,gallina
3122.jpeg,elefante
3123.jpeg,mucca
3124.jpeg,elefante
3125.jpeg,gatto
3126.jpeg,elefante
3127.jpeg,pecora
3128.jpeg,scoiattolo
3129.jpeg,scoiattolo
313.jpeg,scoiattolo
3130.jpeg,gatto
3131.jpeg,gallina
3132.jpeg,mucca
3133.jpeg,gallina
3134.jpeg,cane
3135.jpeg,cane
3136.jpeg,scoiattolo
3137.jpeg,scoiattolo
3138.jpeg,gatto
3139.jpeg,gatto
314.jpeg,elefante
3140.jpeg,pecora
3141.jpeg,gatto
3142.jpeg,cavallo
3143.jpeg,cane
3144.jpeg,cane
3145.jpeg,farfalla
3146.jpeg,elefante
3147.jpeg,mucca
3148.jpeg,ragno
3149.jpeg,cavallo
315.jpeg,gatto
3150.jpeg,pecora
3151.jpeg,ragno
3152.jpeg,ragno
3153.jpeg,gallina
3154.jpeg,scoiattolo
3155.jpeg,mucca
3156.jpeg,farfalla
3157.jpeg,pecora
3158.jpeg,scoiattolo
3159.jpeg,pecora
316.jpeg,elefante
3160.jpeg,scoiattolo
3161.jpeg,cavallo
3162.jpeg,scoiattolo
3163.jpeg,gallina
3164.jpeg,gallina
3165.jpeg,scoiattolo
3166.jpeg,farfalla
3167.jpeg,farfalla
3168.jpeg,gallina
3169.jpeg,mucca
317.jpeg,gallina
3170.jpeg,gallina
3171.jpeg,gallina
3172.jpeg,gatto
3173.jpeg,gatto
3174.jpeg,pecora
3175.jpeg,mucca
3176.jpeg,gallina
3177.jpeg,ragno
3178.jpeg,ragno
3179.jpeg,gallina
318.jpeg,gatto
3180.jpeg,gallina
3181.jpeg,mucca
3182.jpeg,scoiattolo
3183.jpeg,gallina
3184.jpeg,pecora
3185.jpeg,ragno
3186.jpeg,pecora
3187.jpeg,scoiattolo
3188.jpeg,scoiattolo
3189.jpeg,elefante
319.jpeg,gatto
3190.jpeg,cane
3191.jpeg,farfalla
3192.jpeg,ragno
3193.jpeg,elefante
3194.jpeg,cavallo
3195.jpeg,elefante
3196.jpeg,elefante
3197.jpeg,elefante
3198.jpeg,cane
3199.jpeg,gatto
32.jpeg,gatto
320.jpeg,scoiattolo
3200.jpeg,gallina
3201.jpeg,gatto
3202.jpeg,gallina
3203.jpeg,gallina
3204.jpeg,pecora
3205.jpeg,mucca
3206.jpeg,elefante
3207.jpeg,farfalla
3208.jpeg,scoiattolo
3209.jpeg,mucca
321.jpeg,pecora
3210.jpeg,gallina
3211.jpeg,cane
3212.jpeg,gallina
3213.jpeg,gatto
3214.jpeg,scoiattolo
3215.jpeg,cavallo
3216.jpeg,pecora
3217.jpeg,elefante
3218.jpeg,elefante
3219.jpeg,cavallo
322.jpeg,gatto
3220.jpeg,cavallo
3221.jpeg,gatto
3222.jpeg,gallina
3223.jpeg,scoiattolo
3224.jpeg,scoiattolo
3225.jpeg,gallina
3226.jpeg,mucca
3227.jpeg,mucca
3228.jpeg,gallina
3229.jpeg,elefante
323.jpeg,cavallo
3230.jpeg,cane
3231.jpeg,mucca
3232.jpeg,scoiattolo
3233.jpeg,elefante
3234.jpeg,mucca
3235.jpeg,farfalla
3236.jpeg,ragno
3237.jpeg,ragno
3238.jpeg,cane
3239.jpeg,cavallo
324.jpeg,pecora
3240.jpeg,farfalla
3241.jpeg,mucca
3242.jpeg,gallina
3243.jpeg,ragno
3244.jpeg,mucca
3245.jpeg,elefante
3246.jpeg,cane
3247.jpeg,pecora
3248.jpeg,ragno
3249.jpeg,cavallo
325.jpeg,pecora
3250.jpeg,gallina
3251.jpeg,cane
3252.jpeg,scoiattolo
3253.jpeg,cane
3254.jpeg,mucca
3255.jpeg,scoiattolo
3256.jpeg,cavallo
3257.jpeg,cavallo
3258.jpeg,farfalla
3259.jpeg,gatto
326.jpeg,pecora
3260.jpeg,gallina
3261.jpeg,ragno
3262.jpeg,cavallo
3263.jpeg,pecora
3264.jpeg,scoiattolo
3265.jpeg,mucca
3266.jpeg,gatto
3267.jpeg,ragno
3268.jpeg,cavallo
3269.jpeg,ragno
327.jpeg,scoiattolo
3270.jpeg,ragno
3271.jpeg,cavallo
3272.jpeg,ragno
3273.jpeg,cavallo
3274.jpeg,cane
3275.jpeg,mucca
3276.jpeg,pecora
3277.jpeg,gallina
3278.jpeg,scoiattolo
3279.jpeg,cavallo
328.jpeg,gatto
3280.jpeg,gatto
3281.jpeg,scoiattolo
3282.jpeg,ragno
3283.jpeg,cane
3284.jpeg,farfalla
3285.jpeg,cane
3286.jpeg,pecora
3287.jpeg,gallina
3288.jpeg,cavallo
3289.jpeg,gatto
329.jpeg,gallina
3290.jpeg,farfalla
3291.jpeg,gatto
3292.jpeg,gallina
3293.jpeg,pecora
3294.jpeg,cavallo
3295.jpeg,mucca
3296.jpeg,mucca
3297.jpeg,cane
3298.jpeg,gatto
3299.jpeg,cane
33.jpeg,cavallo
330.jpeg,scoiattolo
3300.jpeg,mucca
3301.jpeg,gatto
3302.jpeg,pecora
3303.jpeg,ragno
3304.jpeg,elefante
3305.jpeg,cavallo
3306.jpeg,pecora
3307.jpeg,farfalla
3308.jpeg,cavallo
3309.jpeg,ragno
331.jpeg,scoiattolo
3310.jpeg,pecora
3311.jpeg,pecora
3312.jpeg,farfalla
3313.jpeg,gatto
3314.jpeg,mucca
3315.jpeg,cavallo
3316.jpeg,gatto
3317.jpeg,cane
3318.jpeg,cane
3319.jpeg,cane
332.jpeg,mucca
3320.jpeg,gatto
3321.jpeg,cavallo
3322.jpeg,farfalla
3323.jpeg,pecora
3324.jpeg,scoiattolo
3325.jpeg,cavallo
3326.jpeg,pecora
3327.jpeg,cavallo
3328.jpeg,mucca
3329.jpeg,elefante
333.jpeg,gallina
3330.jpeg,mucca
3331.jpeg,mucca
3332.jpeg,pecora
3333.jpeg,elefante
3334.jpeg,ragno
3335.jpeg,farfalla
3336.jpeg,farfalla
3337.jpeg,farfalla
3338.jpeg,farfalla
3339.jpeg,elefante
334.jpeg,pecora
3340.jpeg,pecora
3341.jpeg,gallina
3342.jpeg,pecora
3343.jpeg,gatto
3344.jpeg,cavallo
3345.jpeg,gallina
3346.jpeg,elefante
3347.jpeg,cane
3348.jpeg,mucca
3349.jpeg,scoiattolo
335.jpeg,gatto
3350.jpeg,cavallo
3351.jpeg,elefante
3352.jpeg,pecora
3353.jpeg,elefante
3354.jpeg,pecora
3355.jpeg,ragno
3356.jpeg,scoiattolo
3357.jpeg,ragno
3358.jpeg,pecora
3359.jpeg,gatto
336.jpeg,mucca
3360.jpeg,scoiattolo
3361.jpeg,ragno
3362.jpeg,scoiattolo
3363.jpeg,cane
3364.jpeg,elefante
3365.jpeg,elefante
3366.jpeg,gallina
3367.jpeg,cane
3368.jpeg,farfalla
3369.jpeg,mucca
337.jpeg,mucca
3370.jpeg,ragno
3371.jpeg,gatto
3372.jpeg,scoiattolo
3373.jpeg,gallina
3374.jpeg,gallina
3375.jpeg,scoiattolo
3376.jpeg,gallina
3377.jpeg,mucca
3378.jpeg,ragno
3379.jpeg,elefante
338.jpeg,ragno
3380.jpeg,cane
3381.jpeg,mucca
3382.jpeg,gallina
3383.jpeg,farfalla
3384.jpeg,gatto
3385.jpeg,cane
3386.jpeg,scoiattolo
3387.jpeg,cane
3388.jpeg,cavallo
3389.jpeg,gallina
339.jpeg,gallina
3390.jpeg,gallina
3391.jpeg,gallina
3392.jpeg,ragno
3393.jpeg,cane
3394.jpeg,gatto
3395.jpeg,cane
3396.jpeg,ragno
3397.jpeg,gatto
3398.jpeg,elefante
3399.jpeg,ragno
34.jpeg,cane
340.jpeg,elefante
3400.jpeg,cavallo
3401.jpeg,gatto
3402.jpeg,elefante
3403.jpeg,gatto
3404.jpeg,gallina
3405.jpeg,pecora
3406.jpeg,gatto
3407.jpeg,pecora
3408.jpeg,cane
3409.jpeg,ragno
341.jpeg,mucca
3410.jpeg,cavallo
3411.jpeg,cane
3412.jpeg,scoiattolo
3413.jpeg,farfalla
3414.jpeg,gallina
3415.jpeg,scoiattolo
3416.jpeg,pecora
3417.jpeg,gallina
3418.jpeg,ragno
3419.jpeg,ragno
342.jpeg,cane
3420.jpeg,gatto
3421.jpeg,cavallo
3422.jpeg,mucca
3423.jpeg,gallina
3424.jpeg,cane
3425.jpeg,gallina
3426.jpeg,pecora
3427.jpeg,scoiattolo
3428.jpeg,elefante
3429.jpeg,gatto
343.jpeg,mucca
3430.jpeg,gatto
3431.jpeg,ragno
3432.jpeg,cane
3433.jpeg,pecora
3434.jpeg,pecora
3435.jpeg,gallina
3436.jpeg,pecora
3437.jpeg,gallina
3438.jpeg,ragno
3439.jpeg,elefante
344.jpeg,cane
3440.jpeg,farfalla
3441.jpeg,farfalla
3442.jpeg,pecora
3443.jpeg,gallina
3444.jpeg,scoiattolo
3445.jpeg,elefante
3446.jpeg,farfalla
3447.jpeg,gatto
3448.jpeg,cane
3449.jpeg,elefante
345.jpeg,mucca
3450.jpeg,gallina
3451.jpeg,elefante
3452.jpeg,pecora
3453.jpeg,elefante
3454.jpeg,farfalla
3455.jpeg,mucca
3456.jpeg,gallina
3457.jpeg,mucca
3458.jpeg,mucca
3459.jpeg,pecora
346.jpeg,scoiattolo
3460.jpeg,pecora
3461.jpeg,farfalla
3462.jpeg,cane
3463.jpeg,gallina
3464.jpeg,pecora
3465.jpeg,mucca
3466.jpeg,ragno
3467.jpeg,cane
3468.jpeg,pecora
3469.jpeg,farfalla
347.jpeg,gallina
3470.jpeg,cavallo
3471.jpeg,gallina
3472.jpeg,gallina
3473.jpeg,gatto
3474.jpeg,scoiattolo
3475.jpeg,cane
3476.jpeg,ragno
3477.jpeg,scoiattolo
3478.jpeg,cavallo
3479.jpeg,scoiattolo
348.jpeg,pecora
3480.jpeg,gallina
3481.jpeg,gatto
3482.jpeg,pecora
3483.jpeg,elefante
3484.jpeg,mucca
3485.jpeg,gatto
3486.jpeg,gatto
3487.jpeg,gatto
3488.jpeg,scoiattolo
3489.jpeg,ragno
349.jpeg,farfalla
3490.jpeg,gatto
3491.jpeg,cavallo
3492.jpeg,cane
3493.jpeg,gallina
3494.jpeg,gatto
3495.jpeg,gallina
3496.jpeg,scoiattolo
3497.jpeg,pecora
3498.jpeg,gallina
3499.jpeg,pecora
35.jpeg,cane
350.jpeg,scoiattolo
3500.jpeg,gatto
3501.jpeg,ragno
3502.jpeg,pecora
3503.jpeg,pecora
3504.jpeg,ragno
3505.jpeg,farfalla
3506.jpeg,gallina
3507.jpeg,mucca
3508.jpeg,cane
3509.jpeg,mucca
351.jpeg,pecora
3510.jpeg,pecora
3511.jpeg,elefante
3512.jpeg,pecora
3513.jpeg,mucca
3514.jpeg,pecora
3515.jpeg,scoiattolo
3516.jpeg,elefante
3517.jpeg,gallina
3518.jpeg,elefante
3519.jpeg,ragno
352.jpeg,cane
3520.jpeg,cane
3521.jpeg,gatto
3522.jpeg,elefante
3523.jpeg,farfalla
3524.jpeg,elefante
3525.jpeg,mucca
3526.jpeg,cavallo
3527.jpeg,ragno
3528.jpeg,scoiattolo
3529.jpeg,farfalla
353.jpeg,farfalla
3530.jpeg,farfalla
3531.jpeg,cane
3532.jpeg,gallina
3533.jpeg,farfalla
3534.jpeg,gallina
3535.jpeg,scoiattolo
3536.jpeg,gatto
3537.jpeg,cavallo
3538.jpeg,gallina
3539.jpeg,cane
354.jpeg,pecora
3540.jpeg,farfalla
3541.jpeg,cavallo
3542.jpeg,scoiattolo
3543.jpeg,gatto
3544.jpeg,scoiattolo
3545.jpeg,elefante
3546.jpeg,farfalla
3547.jpeg,cane
3548.jpeg,cavallo
3549.jpeg,mucca
355.jpeg,gatto
3550.jpeg,pecora
3551.jpeg,farfalla
3552.jpeg,pecora
3553.jpeg,gallina
3554.jpeg,mucca
3555.jpeg,cavallo
3556.jpeg,scoiattolo
3557.jpeg,elefante
3558.jpeg,farfalla
3559.jpeg,gatto
356.jpeg,ragno
3560.jpeg,mucca
3561.jpeg,pecora
3562.jpeg,gallina
3563.jpeg,ragno
3564.jpeg,gatto
3565.jpeg,gallina
3566.jpeg,pecora
3567.jpeg,farfalla
3568.jpeg,ragno
3569.jpeg,pecora
357.jpeg,cavallo
3570.jpeg,farfalla
3571.jpeg,cavallo
3572.jpeg,scoiattolo
3573.jpeg,cavallo
3574.jpeg,elefante
3575.jpeg,elefante
3576.jpeg,cane
3577.jpeg,mucca
3578.jpeg,gatto
3579.jpeg,mucca
358.jpeg,farfalla
3580.jpeg,scoiattolo
3581.jpeg,gallina
3582.jpeg,elefante
3583.jpeg,mucca
3584.jpeg,farfalla
3585.jpeg,elefante
3586.jpeg,elefante
3587.jpeg,gatto
3588.jpeg,scoiattolo
3589.jpeg,cane
359.jpeg,gatto
3590.jpeg,gallina
3591.jpeg,gallina
3592.jpeg,gatto
3593.jpeg,pecora
3594.jpeg,farfalla
3595.jpeg,pecora
3596.jpeg,elefante
3597.jpeg,mucca
3598.jpeg,cane
3599.jpeg,ragno
36.jpeg,cavallo
360.jpeg,ragno
3600.jpeg,gallina
3601.jpeg,pecora
3602.jpeg,mucca
3603.jpeg,pecora
3604.jpeg,farfalla
3605.jpeg,cane
3606.jpeg,mucca
3607.jpeg,elefante
3608.jpeg,cavallo
3609.jpeg,mucca
361.jpeg,gatto
3610.jpeg,cavallo
3611.jpeg,mucca
3612.jpeg,ragno
3613.jpeg,elefante
3614.jpeg,ragno
3615.jpeg,cane
3616.jpeg,gatto
3617.jpeg,farfalla
3618.jpeg,farfalla
3619.jpeg,mucca
362.jpeg,cavallo
3620.jpeg,ragno
3621.jpeg,mucca
3622.jpeg,farfalla
3623.jpeg,scoiattolo
3624.jpeg,elefante
3625.jpeg,pecora
3626.jpeg,ragno
3627.jpeg,cane
3628.jpeg,gatto
3629.jpeg,gallina
363.jpeg,ragno
3630.jpeg,pecora
3631.jpeg,gallina
3632.jpeg,gallina
3633.jpeg,scoiattolo
3634.jpeg,farfalla
3635.jpeg,mucca
3636.jpeg,mucca
3637.jpeg,gallina
3638.jpeg,cane
3639.jpeg,cavallo
364.jpeg,ragno
3640.jpeg,cavallo
3641.jpeg,farfalla
3642.jpeg,scoiattolo
3643.jpeg,elefante
3644.jpeg,cane
3645.jpeg,gallina
3646.jpeg,scoiattolo
3647.jpeg,cane
3648.jpeg,elefante
3649.jpeg,cane
365.jpeg,elefante
3650.jpeg,gatto
3651.jpeg,gallina
3652.jpeg,farfalla
3653.jpeg,cavallo
3654.jpeg,gallina
3655.jpeg,scoiattolo
3656.jpeg,farfalla
3657.jpeg,farfalla
3658.jpeg,ragno
3659.jpeg,ragno
366.jpeg,farfalla
3660.jpeg,ragno
3661.jpeg,pecora
3662.jpeg,elefante
3663.jpeg,gatto
3664.jpeg,cavallo
3665.jpeg,gallina
3666.jpeg,mucca
3667.jpeg,gallina
3668.jpeg,cavallo
3669.jpeg,elefante
367.jpeg,cane
3670.jpeg,scoiattolo
3671.jpeg,farfalla
3672.jpeg,pecora
3673.jpeg,mucca
3674.jpeg,pecora
3675.jpeg,mucca
3676.jpeg,farfalla
3677.jpeg,farfalla
3678.jpeg,mucca
3679.jpeg,gallina
368.jpeg,gatto
3680.jpeg,gallina
3681.jpeg,pecora
3682.jpeg,cavallo
3683.jpeg,elefante
3684.jpeg,scoiattolo
3685.jpeg,gallina
3686.jpeg,elefante
3687.jpeg,cavallo
3688.jpeg,mucca
3689.jpeg,ragno
369.jpeg,cane
3690.jpeg,cavallo
3691.jpeg,pecora
3692.jpeg,ragno
3693.jpeg,elefante
3694.jpeg,gallina
3695.jpeg,cane
3696.jpeg,mucca
3697.jpeg,cavallo
3698.jpeg,cavallo
3699.jpeg,scoiattolo
37.jpeg,gatto
370.jpeg,scoiattolo
3700.jpeg,gallina
3701.jpeg,ragno
3702.jpeg,gatto
3703.jpeg,ragno
3704.jpeg,scoiattolo
3705.jpeg,cane
3706.jpeg,pecora
3707.jpeg,elefante
3708.jpeg,mucca
3709.jpeg,farfalla
371.jpeg,mucca
3710.jpeg,mucca
3711.jpeg,pecora
3712.jpeg,elefante
3713.jpeg,scoiattolo
3714.jpeg,scoiattolo
3715.jpeg,mucca
3716.jpeg,gallina
3717.jpeg,scoiattolo
3718.jpeg,pecora
3719.jpeg,cane
372.jpeg,pecora
3720.jpeg,scoiattolo
3721.jpeg,mucca
3722.jpeg,ragno
3723.jpeg,gatto
3724.jpeg,mucca
3725.jpeg,gatto
3726.jpeg,ragno
3727.jpeg,scoiattolo
3728.jpeg,elefante
3729.jpeg,mucca
373.jpeg,gallina
3730.jpeg,cane
3731.jpeg,mucca
3732.jpeg,elefante
3733.jpeg,cane
3734.jpeg,scoiattolo
3735.jpeg,gatto
3736.jpeg,farfalla
3737.jpeg,cane
3738.jpeg,gallina
3739.jpeg,gallina
374.jpeg,farfalla
3740.jpeg,elefante
3741.jpeg,ragno
3742.jpeg,gallina
3743.jpeg,scoiattolo
3744.jpeg,cane
3745.jpeg,ragno
3746.jpeg,cane
3747.jpeg,pecora
3748.jpeg,pecora
3749.jpeg,gatto
375.jpeg,pecora
3750.jpeg,elefante
3751.jpeg,cavallo
3752.jpeg,elefante
3753.jpeg,elefante
3754.jpeg,gallina
3755.jpeg,pecora
3756.jpeg,mucca
3757.jpeg,pecora
3758.jpeg,elefante
3759.jpeg,pecora
376.jpeg,scoiattolo
3760.jpeg,mucca
3761.jpeg,cane
3762.jpeg,scoiattolo
3763.jpeg,cavallo
3764.jpeg,gatto
3765.jpeg,mucca
3766.jpeg,farfalla
3767.jpeg,elefante
3768.jpeg,farfalla
3769.jpeg,elefante
377.jpeg,gallina
3770.jpeg,mucca
3771.jpeg,elefante
3772.jpeg,mucca
3773.jpeg,cavallo
3774.jpeg,cavallo
3775.jpeg,mucca
3776.jpeg,elefante
3777.jpeg,elefante
3778.jpeg,mucca
3779.jpeg,gatto
378.jpeg,farfalla
3780.jpeg,farfalla
3781.jpeg,elefante
3782.jpeg,farfalla
3783.jpeg,pecora
3784.jpeg,cane
3785.jpeg,cane
3786.jpeg,farfalla
3787.jpeg,cavallo
3788.jpeg,cavallo
3789.jpeg,gallina
379.jpeg,elefante
3790.jpeg,mucca
3791.jpeg,gatto
3792.jpeg,cavallo
3793.jpeg,scoiattolo
3794.jpeg,cane
3795.jpeg,gatto
3796.jpeg,cane
3797.jpeg,elefante
3798.jpeg,mucca
3799.jpeg,scoiattolo
38.jpeg,cane
380.jpeg,cane
3800.jpeg,pecora
3801.jpeg,gallina
3802.jpeg,pecora
3803.jpeg,cane
3804.jpeg,cane
3805.jpeg,gatto
3806.jpeg,gallina
3807.jpeg,gatto
3808.jpeg,cavallo
3809.jpeg,ragno
381.jpeg,elefante
3810.jpeg,ragno
3811.jpeg,ragno
3812.jpeg,cavallo
3813.jpeg,farfalla
3814.jpeg,mucca
3815.jpeg,cavallo
3816.jpeg,gallina
3817.jpeg,elefante
3818.jpeg,cane
3819.jpeg,scoiattolo
382.jpeg,ragno
3820.jpeg,elefante
3821.jpeg,pecora
3822.jpeg,elefante
3823.jpeg,ragno
3824.jpeg,cavallo
3825.jpeg,elefante
3826.jpeg,elefante
3827.jpeg,mucca
3828.jpeg,gallina
3829.jpeg,gallina
383.jpeg,elefante
3830.jpeg,ragno
3831.jpeg,gallina
3832.jpeg,pecora
3833.jpeg,gatto
3834.jpeg,gatto
3835.jpeg,gallina
3836.jpeg,farfalla
3837.jpeg,ragno
3838.jpeg,elefante
3839.jpeg,cavallo
384.jpeg,ragno
3840.jpeg,gallina
3841.jpeg,mucca
3842.jpeg,gatto
3843.jpeg,farfalla
3844.jpeg,cavallo
3845.jpeg,mucca
3846.jpeg,gallina
3847.jpeg,mucca
3848.jpeg,farfalla
3849.jpeg,ragno
385.jpeg,cane
3850.jpeg,gatto
3851.jpeg,mucca
3852.jpeg,scoiattolo
3853.jpeg,scoiattolo
3854.jpeg,mucca
3855.jpeg,gatto
3856.jpeg,scoiattolo
3857.jpeg,pecora
3858.jpeg,ragno
3859.jpeg,elefante
386.jpeg,cane
3860.jpeg,cavallo
3861.jpeg,scoiattolo
3862.jpeg,pecora
3863.jpeg,ragno
3864.jpeg,elefante
3865.jpeg,elefante
3866.jpeg,mucca
3867.jpeg,cane
3868.jpeg,gatto
3869.jpeg,scoiattolo
387.jpeg,scoiattolo
3870.jpeg,gallina
3871.jpeg,pecora
3872.jpeg,farfalla
3873.jpeg,mucca
3874.jpeg,ragno
3875.jpeg,ragno
3876.jpeg,cane
3877.jpeg,mucca
3878.jpeg,pecora
3879.jpeg,gatto
388.jpeg,pecora
3880.jpeg,gatto
3881.jpeg,pecora
3882.jpeg,mucca
3883.jpeg,cavallo
3884.jpeg,gallina
3885.jpeg,cane
3886.jpeg,pecora
3887.jpeg,cane
3888.jpeg,scoiattolo
3889.jpeg,cane
389.jpeg,gallina
3890.jpeg,scoiattolo
3891.jpeg,gallina
3892.jpeg,cane
3893.jpeg,elefante
3894.jpeg,gallina
3895.jpeg,cavallo
3896.jpeg,pecora
3897.jpeg,mucca
3898.jpeg,elefante
3899.jpeg,gallina
39.jpeg,cane
390.jpeg,cavallo
3900.jpeg,cavallo
3901.jpeg,mucca
3902.jpeg,cavallo
3903.jpeg,scoiattolo
3904.jpeg,pecora
3905.jpeg,scoiattolo
3906.jpeg,elefante
3907.jpeg,gatto
3908.jpeg,gallina
3909.jpeg,farfalla
391.jpeg,mucca
3910.jpeg,gallina
3911.jpeg,ragno
3912.jpeg,gatto
3913.jpeg,scoiattolo
3914.jpeg,pecora
3915.jpeg,pecora
3916.jpeg,elefante
3917.jpeg,ragno
3918.jpeg,gatto
3919.jpeg,pecora
392.jpeg,ragno
3920.jpeg,pecora
3921.jpeg,gallina
3922.jpeg,mucca
3923.jpeg,cane
3924.jpeg,scoiattolo
3925.jpeg,cane
3926.jpeg,pecora
3927.jpeg,mucca
3928.jpeg,cane
3929.jpeg,ragno
393.jpeg,gallina
3930.jpeg,cane
3931.jpeg,ragno
3932.jpeg,cavallo
3933.jpeg,gatto
3934.jpeg,elefante
3935.jpeg,gatto
3936.jpeg,gallina
3937.jpeg,scoiattolo
3938.jpeg,ragno
3939.jpeg,elefante
394.jpeg,pecora
3940.jpeg,pecora
3941.jpeg,cavallo
3942.jpeg,mucca
3943.jpeg,mucca
3944.jpeg,pecora
3945.jpeg,mucca
3946.jpeg,ragno
3947.jpeg,pecora
3948.jpeg,farfalla
3949.jpeg,cane
395.jpeg,elefante
3950.jpeg,cane
3951.jpeg,cane
3952.jpeg,elefante
3953.jpeg,gatto
3954.jpeg,scoiattolo
3955.jpeg,elefante
3956.jpeg,ragno
3957.jpeg,mucca
3958.jpeg,ragno
3959.jpeg,ragno
396.jpeg,ragno
3960.jpeg,gatto
3961.jpeg,pecora
3962.jpeg,cavallo
3963.jpeg,gallina
3964.jpeg,scoiattolo
3965.jpeg,elefante
3966.jpeg,ragno
3967.jpeg,cavallo
3968.jpeg,mucca
3969.jpeg,ragno
397.jpeg,cavallo
3970.jpeg,mucca
3971.jpeg,gallina
3972.jpeg,farfalla
3973.jpeg,farfalla
3974.jpeg,ragno
3975.jpeg,gatto
3976.jpeg,pecora
3977.jpeg,gatto
3978.jpeg,gatto
3979.jpeg,cavallo
398.jpeg,mucca
3980.jpeg,gatto
3981.jpeg,mucca
3982.jpeg,farfalla
3983.jpeg,mucca
3984.jpeg,elefante
3985.jpeg,cane
3986.jpeg,gallina
3987.jpeg,gallina
3988.jpeg,ragno
3989.jpeg,pecora
399.jpeg,cavallo
3990.jpeg,gallina
3991.jpeg,elefante
3992.jpeg,cane
3993.jpeg,cane
3994.jpeg,farfalla
3995.jpeg,farfalla
3996.jpeg,mucca
3997.jpeg,gallina
3998.jpeg,mucca
3999.jpeg,gallina
4.jpeg,gallina
40.jpeg,elefante
400.jpeg,cane
4000.jpeg,gallina
4001.jpeg,gatto
4002.jpeg,mucca
4003.jpeg,cane
4004.jpeg,gatto
4005.jpeg,farfalla
4006.jpeg,gatto
4007.jpeg,mucca
4008.jpeg,farfalla
4009.jpeg,pecora
401.jpeg,farfalla
4010.jpeg,pecora
4011.jpeg,pecora
4012.jpeg,gatto
4013.jpeg,gallina
4014.jpeg,mucca
4015.jpeg,scoiattolo
4016.jpeg,cavallo
4017.jpeg,scoiattolo
4018.jpeg,pecora
4019.jpeg,ragno
402.jpeg,mucca
4020.jpeg,gallina
4021.jpeg,ragno
4022.jpeg,gallina
4023.jpeg,gatto
4024.jpeg,ragno
4025.jpeg,cavallo
4026.jpeg,mucca
4027.jpeg,pecora
4028.jpeg,scoiattolo
4029.jpeg,pecora
403.jpeg,gatto
4030.jpeg,gatto
4031.jpeg,farfalla
4032.jpeg,gatto
4033.jpeg,elefante
4034.jpeg,cavallo
4035.jpeg,cavallo
4036.jpeg,farfalla
4037.jpeg,pecora
4038.jpeg,pecora
4039.jpeg,ragno
404.jpeg,mucca
4040.jpeg,gallina
4041.jpeg,scoiattolo
4042.jpeg,farfalla
4043.jpeg,ragno
4044.jpeg,mucca
4045.jpeg,scoiattolo
4046.jpeg,gallina
4047.jpeg,scoiattolo
4048.jpeg,cavallo
4049.jpeg,scoiattolo
405.jpeg,elefante
4050.jpeg,elefante
4051.jpeg,cane
4052.jpeg,scoiattolo
4053.jpeg,pecora
4054.jpeg,gatto
4055.jpeg,elefante
4056.jpeg,mucca
4057.jpeg,gallina
4058.jpeg,mucca
4059.jpeg,mucca
406.jpeg,mucca
4060.jpeg,cane
4061.jpeg,ragno
4062.jpeg,gatto
4063.jpeg,farfalla
4064.jpeg,gatto
4065.jpeg,elefante
4066.jpeg,gallina
4067.jpeg,pecora
4068.jpeg,farfalla
4069.jpeg,cane
407.jpeg,ragno
4070.jpeg,pecora
4071.jpeg,mucca
4072.jpeg,gatto
4073.jpeg,ragno
4074.jpeg,ragno
4075.jpeg,cavallo
4076.jpeg,farfalla
4077.jpeg,cane
4078.jpeg,cavallo
4079.jpeg,pecora
408.jpeg,cavallo
4080.jpeg,scoiattolo
4081.jpeg,scoiattolo
4082.jpeg,farfalla
4083.jpeg,gatto
4084.jpeg,elefante
4085.jpeg,cavallo
4086.jpeg,cavallo
4087.jpeg,cane
4088.jpeg,cane
4089.jpeg,gallina
409.jpeg,ragno
4090.jpeg,cane
4091.jpeg,pecora
4092.jpeg,pecora
4093.jpeg,pecora
4094.jpeg,farfalla
4095.jpeg,cane
4096.jpeg,farfalla
4097.jpeg,farfalla
4098.jpeg,ragno
4099.jpeg,mucca
41.jpeg,pecora
410.jpeg,cavallo
4100.jpeg,cane
4101.jpeg,scoiattolo
4102.jpeg,elefante
4103.jpeg,gatto
4104.jpeg,mucca
4105.jpeg,cavallo
4106.jpeg,elefante
4107.jpeg,elefante
4108.jpeg,mucca
4109.jpeg,farfalla
411.jpeg,farfalla
4110.jpeg,cane
4111.jpeg,gatto
4112.jpeg,cane
4113.jpeg,elefante
4114.jpeg,cane
4115.jpeg,elefante
4116.jpeg,pecora
4117.jpeg,gatto
4118.jpeg,cavallo
4119.jpeg,mucca
412.jpeg,cane
4120.jpeg,gallina
4121.jpeg,gatto
4122.jpeg,pecora
4123.jpeg,cane
4124.jpeg,farfalla
4125.jpeg,gallina
4126.jpeg,scoiattolo
4127.jpeg,ragno
4128.jpeg,farfalla
4129.jpeg,pecora
413.jpeg,cane
4130.jpeg,ragno
4131.jpeg,elefante
4132.jpeg,ragno
4133.jpeg,gatto
4134.jpeg,cane
4135.jpeg,pecora
4136.jpeg,scoiattolo
4137.jpeg,ragno
4138.jpeg,elefante
4139.jpeg,mucca
414.jpeg,cavallo
4140.jpeg,ragno
4141.jpeg,elefante
4142.jpeg,gatto
4143.jpeg,elefante
4144.jpeg,scoiattolo
4145.jpeg,scoiattolo
4146.jpeg,cane
4147.jpeg,gatto
4148.jpeg,scoiattolo
4149.jpeg,ragno
415.jpeg,farfalla
4150.jpeg,pecora
4151.jpeg,ragno
4152.jpeg,elefante
4153.jpeg,gatto
4154.jpeg,pecora
4155.jpeg,scoiattolo
4156.jpeg,pecora
4157.jpeg,ragno
4158.jpeg,mucca
4159.jpeg,pecora
416.jpeg,elefante
4160.jpeg,scoiattolo
4161.jpeg,ragno
4162.jpeg,cane
4163.jpeg,elefante
4164.jpeg,mucca
4165.jpeg,scoiattolo
4166.jpeg,pecora
4167.jpeg,farfalla
4168.jpeg,ragno
4169.jpeg,elefante
417.jpeg,mucca
4170.jpeg,mucca
4171.jpeg,mucca
4172.jpeg,gallina
4173.jpeg,pecora
4174.jpeg,farfalla
4175.jpeg,gallina
4176.jpeg,gatto
4177.jpeg,pecora
4178.jpeg,cavallo
4179.jpeg,cane
418.jpeg,ragno
4180.jpeg,gallina
4181.jpeg,cane
4182.jpeg,scoiattolo
4183.jpeg,farfalla
4184.jpeg,gallina
4185.jpeg,gallina
4186.jpeg,cavallo
4187.jpeg,cane
4188.jpeg,pecora
4189.jpeg,gallina
419.jpeg,gatto
4190.jpeg,mucca
4191.jpeg,gatto
4192.jpeg,ragno
4193.jpeg,cane
4194.jpeg,mucca
4195.jpeg,pecora
4196.jpeg,gatto
4197.jpeg,ragno
4198.jpeg,scoiattolo
4199.jpeg,pecora
42.jpeg,ragno
420.jpeg,pecora
4200.jpeg,farfalla
4201.jpeg,cane
4202.jpeg,gallina
4203.jpeg,scoiattolo
4204.jpeg,cane
4205.jpeg,cavallo
4206.jpeg,gallina
4207.jpeg,scoiattolo
4208.jpeg,farfalla
4209.jpeg,cane
421.jpeg,gatto
4210.jpeg,pecora
4211.jpeg,gatto
4212.jpeg,mucca
4213.jpeg,farfalla
4214.jpeg,cavallo
4215.jpeg,pecora
4216.jpeg,cane
4217.jpeg,cavallo
4218.jpeg,gallina
4219.jpeg,gatto
422.jpeg,scoiattolo
4220.jpeg,cane
4221.jpeg,elefante
4222.jpeg,ragno
4223.jpeg,pecora
4224.jpeg,gatto
4225.jpeg,cane
4226.jpeg,mucca
4227.jpeg,pecora
4228.jpeg,gatto
4229.jpeg,elefante
423.jpeg,ragno
4230.jpeg,gallina
4231.jpeg,gallina
4232.jpeg,scoiattolo
4233.jpeg,gatto
4234.jpeg,gallina
4235.jpeg,ragno
4236.jpeg,cavallo
4237.jpeg,scoiattolo
4238.jpeg,gatto
4239.jpeg,farfalla
424.jpeg,elefante
4240.jpeg,elefante
4241.jpeg,mucca
4242.jpeg,gatto
4243.jpeg,cane
4244.jpeg,pecora
4245.jpeg,gatto
4246.jpeg,cane
4247.jpeg,elefante
4248.jpeg,cane
4249.jpeg,elefante
425.jpeg,mucca
4250.jpeg,gatto
4251.jpeg,gallina
4252.jpeg,pecora
4253.jpeg,gatto
4254.jpeg,cavallo
4255.jpeg,gallina
4256.jpeg,cane
4257.jpeg,gatto
4258.jpeg,gallina
4259.jpeg,gatto
426.jpeg,gallina
4260.jpeg,farfalla
4261.jpeg,pecora
4262.jpeg,ragno
4263.jpeg,pecora
4264.jpeg,scoiattolo
4265.jpeg,elefante
4266.jpeg,ragno
4267.jpeg,pecora
4268.jpeg,gallina
4269.jpeg,farfalla
427.jpeg,gatto
4270.jpeg,pecora
4271.jpeg,mucca
4272.jpeg,ragno
4273.jpeg,gatto
4274.jpeg,pecora
4275.jpeg,farfalla
4276.jpeg,gallina
4277.jpeg,cavallo
4278.jpeg,cane
4279.jpeg,gatto
428.jpeg,cane
4280.jpeg,cane
4281.jpeg,scoiattolo
4282.jpeg,scoiattolo
4283.jpeg,gallina
4284.jpeg,scoiattolo
4285.jpeg,cavallo
4286.jpeg,gallina
4287.jpeg,gallina
4288.jpeg,cavallo
4289.jpeg,cavallo
429.jpeg,pecora
4290.jpeg,ragno
4291.jpeg,mucca
4292.jpeg,cavallo
4293.jpeg,gatto
4294.jpeg,mucca
4295.jpeg,gallina
4296.jpeg,gatto
4297.jpeg,gallina
4298.jpeg,farfalla
4299.jpeg,cavallo
43.jpeg,gatto
430.jpeg,cavallo
4300.jpeg,gallina
4301.jpeg,elefante
4302.jpeg,cavallo
4303.jpeg,scoiattolo
4304.jpeg,scoiattolo
4305.jpeg,gallina
4306.jpeg,gatto
4307.jpeg,pecora
4308.jpeg,mucca
4309.jpeg,gatto
431.jpeg,scoiattolo
4310.jpeg,elefante
4311.jpeg,elefante
4312.jpeg,scoiattolo
4313.jpeg,gallina
4314.jpeg,cane
4315.jpeg,elefante
4316.jpeg,gatto
4317.jpeg,farfalla
4318.jpeg,cavallo
4319.jpeg,scoiattolo
432.jpeg,ragno
4320.jpeg,ragno
4321.jpeg,cane
4322.jpeg,pecora
4323.jpeg,cavallo
4324.jpeg,cavallo
4325.jpeg,scoiattolo
4326.jpeg,elefante
4327.jpeg,gatto
4328.jpeg,gatto
4329.jpeg,cane
433.jpeg,elefante
4330.jpeg,gatto
4331.jpeg,pecora
4332.jpeg,farfalla
4333.jpeg,ragno
4334.jpeg,elefante
4335.jpeg,cavallo
4336.jpeg,cane
4337.jpeg,cane
4338.jpeg,gallina
4339.jpeg,farfalla
434.jpeg,ragno
4340.jpeg,cane
4341.jpeg,ragno
4342.jpeg,cane
4343.jpeg,scoiattolo
4344.jpeg,farfalla
4345.jpeg,ragno
4346.jpeg,cane
4347.jpeg,cane
4348.jpeg,elefante
4349.jpeg,mucca
435.jpeg,ragno
4350.jpeg,cavallo
4351.jpeg,gallina
4352.jpeg,pecora
4353.jpeg,ragno
4354.jpeg,mucca
4355.jpeg,cane
4356.jpeg,gatto
4357.jpeg,cavallo
4358.jpeg,scoiattolo
4359.jpeg,farfalla
436.jpeg,mucca
4360.jpeg,cane
4361.jpeg,cavallo
4362.jpeg,cavallo
4363.jpeg,cane
4364.jpeg,mucca
4365.jpeg,cane
4366.jpeg,cane
4367.jpeg,farfalla
4368.jpeg,cavallo
4369.jpeg,mucca
437.jpeg,scoiattolo
4370.jpeg,cavallo
4371.jpeg,cane
4372.jpeg,elefante
4373.jpeg,farfalla
4374.jpeg,cane
4375.jpeg,mucca
4376.jpeg,scoiattolo
4377.jpeg,mucca
4378.jpeg,scoiattolo
4379.jpeg,scoiattolo
438.jpeg,scoiattolo
4380.jpeg,mucca
4381.jpeg,cane
4382.jpeg,gallina
4383.jpeg,ragno
4384.jpeg,pecora
4385.jpeg,scoiattolo
4386.jpeg,scoiattolo
4387.jpeg,gallina
4388.jpeg,cane
4389.jpeg,cane
439.jpeg,pecora
4390.jpeg,ragno
4391.jpeg,farfalla
4392.jpeg,cavallo
4393.jpeg,elefante
4394.jpeg,farfalla
4395.jpeg,ragno
4396.jpeg,cane
4397.jpeg,cavallo
4398.jpeg,elefante
4399.jpeg,gallina
44.jpeg,cavallo
440.jpeg,scoiattolo
4400.jpeg,gallina
4401.jpeg,cane
4402.jpeg,cavallo
4403.jpeg,scoiattolo
4404.jpeg,gallina
4405.jpeg,gatto
4406.jpeg,cane
4407.jpeg,elefante
4408.jpeg,farfalla
4409.jpeg,ragno
441.jpeg,farfalla
4410.jpeg,gatto
4411.jpeg,pecora
4412.jpeg,gatto
4413.jpeg,farfalla
4414.jpeg,farfalla
4415.jpeg,cane
4416.jpeg,scoiattolo
4417.jpeg,cane
4418.jpeg,cane
4419.jpeg,pecora
442.jpeg,farfalla
4420.jpeg,pecora
4421.jpeg,elefante
4422.jpeg,ragno
4423.jpeg,farfalla
4424.jpeg,ragno
4425.jpeg,farfalla
4426.jpeg,scoiattolo
4427.jpeg,ragno
4428.jpeg,cavallo
4429.jpeg,cane
443.jpeg,elefante
4430.jpeg,gatto
4431.jpeg,ragno
4432.jpeg,cavallo
4433.jpeg,farfalla
4434.jpeg,gallina
4435.jpeg,cavallo
4436.jpeg,mucca
4437.jpeg,mucca
4438.jpeg,farfalla
4439.jpeg,scoiattolo
444.jpeg,ragno
4440.jpeg,ragno
4441.jpeg,cavallo
4442.jpeg,cavallo
4443.jpeg,elefante
4444.jpeg,farfalla
4445.jpeg,mucca
4446.jpeg,ragno
4447.jpeg,scoiattolo
4448.jpeg,pecora
4449.jpeg,elefante
445.jpeg,elefante
4450.jpeg,farfalla
4451.jpeg,gallina
4452.jpeg,cavallo
4453.jpeg,gallina
4454.jpeg,gallina
4455.jpeg,cavallo
4456.jpeg,cavallo
4457.jpeg,gatto
4458.jpeg,gatto
4459.jpeg,farfalla
446.jpeg,elefante
4460.jpeg,farfalla
4461.jpeg,gallina
4462.jpeg,elefante
4463.jpeg,mucca
4464.jpeg,pecora
4465.jpeg,mucca
4466.jpeg,gatto
4467.jpeg,gallina
4468.jpeg,ragno
4469.jpeg,cane
447.jpeg,mucca
4470.jpeg,ragno
4471.jpeg,elefante
4472.jpeg,elefante
4473.jpeg,mucca
4474.jpeg,farfalla
4475.jpeg,pecora
4476.jpeg,cavallo
4477.jpeg,gatto
4478.jpeg,farfalla
4479.jpeg,elefante
448.jpeg,mucca
4480.jpeg,farfalla
4481.jpeg,gallina
4482.jpeg,cavallo
4483.jpeg,gatto
4484.jpeg,pecora
4485.jpeg,gatto
4486.jpeg,mucca
4487.jpeg,cavallo
4488.jpeg,mucca
4489.jpeg,cane
449.jpeg,gallina
4490.jpeg,mucca
4491.jpeg,ragno
4492.jpeg,gatto
4493.jpeg,cane
4494.jpeg,pecora
4495.jpeg,gallina
4496.jpeg,ragno
4497.jpeg,elefante
4498.jpeg,scoiattolo
4499.jpeg,cane
45.jpeg,ragno
450.jpeg,gatto
4500.jpeg,scoiattolo
4501.jpeg,pecora
4502.jpeg,gatto
4503.jpeg,pecora
4504.jpeg,cavallo
4505.jpeg,scoiattolo
4506.jpeg,mucca
4507.jpeg,farfalla
4508.jpeg,mucca
4509.jpeg,farfalla
451.jpeg,cane
4510.jpeg,cavallo
4511.jpeg,mucca
4512.jpeg,elefante
4513.jpeg,gallina
4514.jpeg,ragno
4515.jpeg,cavallo
4516.jpeg,gatto
4517.jpeg,cane
4518.jpeg,elefante
4519.jpeg,gallina
452.jpeg,scoiattolo
4520.jpeg,scoiattolo
4521.jpeg,scoiattolo
4522.jpeg,gallina
4523.jpeg,mucca
4524.jpeg,pecora
4525.jpeg,pecora
4526.jpeg,scoiattolo
4527.jpeg,mucca
4528.jpeg,gatto
4529.jpeg,gallina
453.jpeg,scoiattolo
4530.jpeg,scoiattolo
4531.jpeg,mucca
4532.jpeg,ragno
4533.jpeg,pecora
4534.jpeg,gatto
4535.jpeg,ragno
4536.jpeg,gatto
4537.jpeg,farfalla
4538.jpeg,scoiattolo
4539.jpeg,farfalla
454.jpeg,farfalla
4540.jpeg,cavallo
4541.jpeg,gallina
4542.jpeg,gatto
4543.jpeg,cane
4544.jpeg,mucca
4545.jpeg,farfalla
4546.jpeg,pecora
4547.jpeg,ragno
4548.jpeg,farfalla
4549.jpeg,ragno
455.jpeg,cane
4550.jpeg,ragno
4551.jpeg,pecora
4552.jpeg,farfalla
4553.jpeg,elefante
4554.jpeg,ragno
4555.jpeg,pecora
4556.jpeg,scoiattolo
4557.jpeg,cavallo
4558.jpeg,ragno
4559.jpeg,cavallo
456.jpeg,scoiattolo
4560.jpeg,pecora
4561.jpeg,scoiattolo
4562.jpeg,elefante
4563.jpeg,farfalla
4564.jpeg,farfalla
4565.jpeg,pecora
4566.jpeg,ragno
4567.jpeg,scoiattolo
4568.jpeg,gallina
4569.jpeg,scoiattolo
457.jpeg,scoiattolo
4570.jpeg,scoiattolo
4571.jpeg,gallina
4572.jpeg,gatto
4573.jpeg,cane
4574.jpeg,gallina
4575.jpeg,gallina
4576.jpeg,cane
4577.jpeg,gallina
4578.jpeg,scoiattolo
4579.jpeg,cane
458.jpeg,scoiattolo
4580.jpeg,elefante
4581.jpeg,gatto
4582.jpeg,ragno
4583.jpeg,scoiattolo
4584.jpeg,pecora
4585.jpeg,cavallo
4586.jpeg,pecora
4587.jpeg,elefante
4588.jpeg,pecora
4589.jpeg,gallina
459.jpeg,mucca
4590.jpeg,cane
4591.jpeg,ragno
4592.jpeg,mucca
4593.jpeg,ragno
4594.jpeg,ragno
4595.jpeg,gatto
4596.jpeg,gallina
4597.jpeg,mucca
4598.jpeg,ragno
4599.jpeg,gatto
46.jpeg,gatto
460.jpeg,mucca
4600.jpeg,cavallo
4601.jpeg,ragno
4602.jpeg,cane
4603.jpeg,gatto
4604.jpeg,mucca
4605.jpeg,ragno
4606.jpeg,ragno
4607.jpeg,farfalla
4608.jpeg,gallina
4609.jpeg,cavallo
461.jpeg,pecora
4610.jpeg,gatto
4611.jpeg,ragno
4612.jpeg,pecora
4613.jpeg,mucca
4614.jpeg,scoiattolo
4615.jpeg,cane
4616.jpeg,cavallo
4617.jpeg,elefante
4618.jpeg,gatto
4619.jpeg,elefante
462.jpeg,ragno
4620.jpeg,farfalla
4621.jpeg,gatto
4622.jpeg,cavallo
4623.jpeg,pecora
4624.jpeg,gatto
4625.jpeg,ragno
4626.jpeg,gallina
4627.jpeg,elefante
4628.jpeg,cavallo
4629.jpeg,farfalla
463.jpeg,gatto
4630.jpeg,mucca
4631.jpeg,elefante
4632.jpeg,scoiattolo
4633.jpeg,cavallo
4634.jpeg,ragno
4635.jpeg,cane
4636.jpeg,mucca
4637.jpeg,pecora
4638.jpeg,ragno
4639.jpeg,gallina
464.jpeg,cavallo
4640.jpeg,pecora
4641.jpeg,scoiattolo
4642.jpeg,scoiattolo
4643.jpeg,elefante
4644.jpeg,scoiattolo
4645.jpeg,mucca
4646.jpeg,cavallo
4647.jpeg,gallina
4648.jpeg,mucca
4649.jpeg,mucca
465.jpeg,mucca
4650.jpeg,mucca
4651.jpeg,cane
4652.jpeg,ragno
4653.jpeg,elefante
4654.jpeg,gatto
4655.jpeg,scoiattolo
4656.jpeg,elefante
4657.jpeg,farfalla
4658.jpeg,gallina
4659.jpeg,scoiattolo
466.jpeg,ragno
4660.jpeg,ragno
4661.jpeg,gallina
4662.jpeg,pecora
4663.jpeg,ragno
4664.jpeg,cavallo
4665.jpeg,gallina
4666.jpeg,pecora
4667.jpeg,cavallo
4668.jpeg,gallina
4669.jpeg,scoiattolo
467.jpeg,mucca
4670.jpeg,gatto
4671.jpeg,cane
4672.jpeg,scoiattolo
4673.jpeg,elefante
4674.jpeg,scoiattolo
4675.jpeg,gatto
4676.jpeg,gatto
4677.jpeg,gatto
4678.jpeg,cane
4679.jpeg,mucca
468.jpeg,farfalla
4680.jpeg,mucca
4681.jpeg,pecora
4682.jpeg,cavallo
4683.jpeg,pecora
4684.jpeg,farfalla
4685.jpeg,gatto
4686.jpeg,ragno
4687.jpeg,farfalla
4688.jpeg,farfalla
4689.jpeg,gatto
469.jpeg,gallina
4690.jpeg,scoiattolo
4691.jpeg,gallina
4692.jpeg,cane
4693.jpeg,cane
4694.jpeg,elefante
4695.jpeg,cane
4696.jpeg,gatto
4697.jpeg,gatto
4698.jpeg,ragno
4699.jpeg,gatto
47.jpeg,ragno
470.jpeg,cavallo
4700.jpeg,scoiattolo
4701.jpeg,pecora
4702.jpeg,farfalla
4703.jpeg,pecora
4704.jpeg,scoiattolo
4705.jpeg,elefante
4706.jpeg,ragno
4707.jpeg,elefante
4708.jpeg,scoiattolo
4709.jpeg,pecora
471.jpeg,cavallo
4710.jpeg,cavallo
4711.jpeg,farfalla
4712.jpeg,elefante
4713.jpeg,cane
4714.jpeg,cavallo
4715.jpeg,pecora
4716.jpeg,mucca
4717.jpeg,scoiattolo
4718.jpeg,farfalla
4719.jpeg,farfalla
472.jpeg,scoiattolo
4720.jpeg,elefante
4721.jpeg,farfalla
4722.jpeg,farfalla
4723.jpeg,cane
4724.jpeg,gatto
4725.jpeg,pecora
4726.jpeg,scoiattolo
4727.jpeg,ragno
4728.jpeg,gallina
4729.jpeg,cavallo
473.jpeg,scoiattolo
4730.jpeg,elefante
4731.jpeg,farfalla
4732.jpeg,cavallo
4733.jpeg,cavallo
4734.jpeg,gallina
4735.jpeg,cane
4736.jpeg,gatto
4737.jpeg,ragno
4738.jpeg,cane
4739.jpeg,cavallo
474.jpeg,cavallo
4740.jpeg,scoiattolo
4741.jpeg,gallina
4742.jpeg,scoiattolo
4743.jpeg,gatto
4744.jpeg,cavallo
4745.jpeg,scoiattolo
4746.jpeg,pecora
4747.jpeg,mucca
4748.jpeg,farfalla
4749.jpeg,ragno
475.jpeg,cane
4750.jpeg,elefante
4751.jpeg,cane
4752.jpeg,pecora
4753.jpeg,pecora
4754.jpeg,cavallo
4755.jpeg,gallina
4756.jpeg,cane
4757.jpeg,gallina
4758.jpeg,pecora
4759.jpeg,cavallo
476.jpeg,elefante
4760.jpeg,gallina
4761.jpeg,gatto
4762.jpeg,cavallo
4763.jpeg,gallina
4764.jpeg,elefante
4765.jpeg,scoiattolo
4766.jpeg,cavallo
4767.jpeg,pecora
4768.jpeg,gatto
4769.jpeg,cavallo
477.jpeg,pecora
4770.jpeg,mucca
4771.jpeg,mucca
4772.jpeg,farfalla
4773.jpeg,elefante
4774.jpeg,pecora
4775.jpeg,gatto
4776.jpeg,cavallo
4777.jpeg,ragno
4778.jpeg,pecora
4779.jpeg,scoiattolo
478.jpeg,gallina
4780.jpeg,elefante
4781.jpeg,farfalla
4782.jpeg,cavallo
4783.jpeg,cane
4784.jpeg,gatto
4785.jpeg,ragno
4786.jpeg,scoiattolo
4787.jpeg,farfalla
4788.jpeg,elefante
4789.jpeg,gatto
479.jpeg,gatto
4790.jpeg,cane
4791.jpeg,farfalla
4792.jpeg,cavallo
4793.jpeg,ragno
4794.jpeg,cane
4795.jpeg,cane
4796.jpeg,cavallo
4797.jpeg,cavallo
4798.jpeg,cane
4799.jpeg,scoiattolo
48.jpeg,gallina
480.jpeg,scoiattolo
4800.jpeg,farfalla
4801.jpeg,ragno
4802.jpeg,ragno
4803.jpeg,gallina
4804.jpeg,ragno
4805.jpeg,scoiattolo
4806.jpeg,cane
4807.jpeg,gatto
4808.jpeg,ragno
4809.jpeg,cavallo
481.jpeg,gatto
4810.jpeg,mucca
4811.jpeg,elefante
4812.jpeg,gatto
4813.jpeg,cane
4814.jpeg,scoiattolo
4815.jpeg,cavallo
4816.jpeg,elefante
4817.jpeg,cavallo
4818.jpeg,ragno
4819.jpeg,cavallo
482.jpeg,pecora
4820.jpeg,pecora
4821.jpeg,farfalla
4822.jpeg,gatto
4823.jpeg,gallina
4824.jpeg,cane
4825.jpeg,mucca
4826.jpeg,gallina
4827.jpeg,pecora
4828.jpeg,elefante
4829.jpeg,farfalla
483.jpeg,gatto
4830.jpeg,elefante
4831.jpeg,pecora
4832.jpeg,farfalla
4833.jpeg,cane
4834.jpeg,gatto
4835.jpeg,cavallo
4836.jpeg,elefante
4837.jpeg,mucca
4838.jpeg,pecora
4839.jpeg,cane
484.jpeg,mucca
4840.jpeg,scoiattolo
4841.jpeg,gallina
4842.jpeg,gatto
4843.jpeg,pecora
4844.jpeg,mucca
4845.jpeg,pecora
4846.jpeg,gallina
4847.jpeg,cane
4848.jpeg,mucca
4849.jpeg,gallina
485.jpeg,mucca
4850.jpeg,ragno
4851.jpeg,ragno
4852.jpeg,cavallo
4853.jpeg,scoiattolo
4854.jpeg,ragno
4855.jpeg,elefante
4856.jpeg,farfalla
4857.jpeg,cane
4858.jpeg,scoiattolo
4859.jpeg,farfalla
486.jpeg,ragno
4860.jpeg,ragno
4861.jpeg,cane
4862.jpeg,cane
4863.jpeg,gallina
4864.jpeg,elefante
4865.jpeg,ragno
4866.jpeg,elefante
4867.jpeg,scoiattolo
4868.jpeg,cane
4869.jpeg,gallina
487.jpeg,cavallo
4870.jpeg,farfalla
4871.jpeg,gatto
4872.jpeg,elefante
4873.jpeg,cavallo
4874.jpeg,elefante
4875.jpeg,elefante
4876.jpeg,cavallo
4877.jpeg,elefante
4878.jpeg,gatto
4879.jpeg,gatto
488.jpeg,scoiattolo
4880.jpeg,gallina
4881.jpeg,farfalla
4882.jpeg,gallina
4883.jpeg,cane
4884.jpeg,scoiattolo
4885.jpeg,elefante
4886.jpeg,gatto
4887.jpeg,cavallo
4888.jpeg,ragno
4889.jpeg,mucca
489.jpeg,gallina
4890.jpeg,farfalla
4891.jpeg,gallina
4892.jpeg,farfalla
4893.jpeg,gatto
4894.jpeg,ragno
4895.jpeg,scoiattolo
4896.jpeg,cavallo
4897.jpeg,ragno
4898.jpeg,gallina
4899.jpeg,scoiattolo
49.jpeg,elefante
490.jpeg,mucca
4900.jpeg,gallina
4901.jpeg,cane
4902.jpeg,farfalla
4903.jpeg,elefante
4904.jpeg,elefante
4905.jpeg,ragno
4906.jpeg,ragno
4907.jpeg,ragno
4908.jpeg,farfalla
4909.jpeg,gatto
491.jpeg,pecora
4910.jpeg,pecora
4911.jpeg,pecora
4912.jpeg,mucca
4913.jpeg,gallina
4914.jpeg,farfalla
4915.jpeg,pecora
4916.jpeg,ragno
4917.jpeg,gallina
4918.jpeg,cane
4919.jpeg,farfalla
492.jpeg,pecora
4920.jpeg,gallina
4921.jpeg,scoiattolo
4922.jpeg,gallina
4923.jpeg,cavallo
4924.jpeg,cane
4925.jpeg,ragno
4926.jpeg,scoiattolo
4927.jpeg,cane
4928.jpeg,ragno
4929.jpeg,gallina
493.jpeg,gallina
4930.jpeg,ragno
4931.jpeg,gatto
4932.jpeg,cavallo
4933.jpeg,scoiattolo
4934.jpeg,elefante
4935.jpeg,pecora
4936.jpeg,ragno
4937.jpeg,pecora
4938.jpeg,gatto
4939.jpeg,gatto
494.jpeg,mucca
4940.jpeg,scoiattolo
4941.jpeg,gallina
4942.jpeg,elefante
4943.jpeg,mucca
4944.jpeg,gallina
4945.jpeg,cavallo
4946.jpeg,gallina
4947.jpeg,cane
4948.jpeg,pecora
4949.jpeg,elefante
495.jpeg,gatto
4950.jpeg,pecora
4951.jpeg,gatto
4952.jpeg,gallina
4953.jpeg,cane
4954.jpeg,ragno
4955.jpeg,pecora
4956.jpeg,gatto
4957.jpeg,scoiattolo
4958.jpeg,cavallo
4959.jpeg,cavallo
496.jpeg,cane
4960.jpeg,gallina
4961.jpeg,pecora
4962.jpeg,gallina
4963.jpeg,cane
4964.jpeg,pecora
4965.jpeg,gatto
4966.jpeg,gatto
4967.jpeg,gatto
4968.jpeg,scoiattolo
4969.jpeg,cavallo
497.jpeg,mucca
4970.jpeg,elefante
4971.jpeg,ragno
4972.jpeg,mucca
4973.jpeg,pecora
4974.jpeg,mucca
4975.jpeg,cavallo
4976.jpeg,farfalla
4977.jpeg,cane
4978.jpeg,cane
4979.jpeg,elefante
498.jpeg,cane
4980.jpeg,farfalla
4981.jpeg,elefante
4982.jpeg,scoiattolo
4983.jpeg,cavallo
4984.jpeg,cane
4985.jpeg,mucca
4986.jpeg,gallina
4987.jpeg,farfalla
4988.jpeg,gatto
4989.jpeg,cavallo
499.jpeg,scoiattolo
4990.jpeg,gatto
4991.jpeg,gatto
4992.jpeg,ragno
4993.jpeg,cane
4994.jpeg,cavallo
4995.jpeg,farfalla
4996.jpeg,mucca
4997.jpeg,gallina
4998.jpeg,farfalla
4999.jpeg,elefante
5.jpeg,scoiattolo
50.jpeg,ragno
500.jpeg,scoiattolo
501.jpeg,elefante
502.jpeg,mucca
503.jpeg,cavallo
504.jpeg,gatto
505.jpeg,cane
506.jpeg,gatto
507.jpeg,pecora
508.jpeg,elefante
509.jpeg,mucca
51.jpeg,elefante
510.jpeg,scoiattolo
511.jpeg,gallina
512.jpeg,ragno
513.jpeg,elefante
514.jpeg,cavallo
515.jpeg,elefante
516.jpeg,cane
517.jpeg,pecora
518.jpeg,cavallo
519.jpeg,cavallo
52.jpeg,cavallo
520.jpeg,cavallo
521.jpeg,gallina
522.jpeg,gatto
523.jpeg,cane
524.jpeg,mucca
525.jpeg,farfalla
526.jpeg,pecora
527.jpeg,farfalla
528.jpeg,farfalla
529.jpeg,cane
53.jpeg,gallina
530.jpeg,pecora
531.jpeg,pecora
532.jpeg,cane
533.jpeg,farfalla
534.jpeg,mucca
535.jpeg,farfalla
536.jpeg,mucca
537.jpeg,scoiattolo
538.jpeg,cane
539.jpeg,elefante
54.jpeg,ragno
540.jpeg,farfalla
541.jpeg,pecora
542.jpeg,mucca
543.jpeg,mucca
544.jpeg,ragno
545.jpeg,cavallo
546.jpeg,gallina
547.jpeg,cane
548.jpeg,scoiattolo
549.jpeg,gatto
55.jpeg,cane
550.jpeg,pecora
551.jpeg,gallina
552.jpeg,elefante
553.jpeg,farfalla
554.jpeg,mucca
555.jpeg,gatto
556.jpeg,gallina
557.jpeg,farfalla
558.jpeg,ragno
559.jpeg,gallina
56.jpeg,gallina
560.jpeg,farfalla
561.jpeg,pecora
562.jpeg,farfalla
563.jpeg,cane
564.jpeg,cavallo
565.jpeg,cane
566.jpeg,elefante
567.jpeg,gatto
568.jpeg,pecora
569.jpeg,mucca
57.jpeg,elefante
570.jpeg,gatto
571.jpeg,gallina
572.jpeg,cavallo
573.jpeg,farfalla
574.jpeg,elefante
575.jpeg,farfalla
576.jpeg,ragno
577.jpeg,ragno
578.jpeg,ragno
579.jpeg,gallina
58.jpeg,pecora
580.jpeg,cavallo
581.jpeg,pecora
582.jpeg,gatto
583.jpeg,cavallo
584.jpeg,gallina
585.jpeg,mucca
586.jpeg,gatto
587.jpeg,pecora
588.jpeg,pecora
589.jpeg,elefante
59.jpeg,gatto
590.jpeg,cavallo
591.jpeg,gallina
592.jpeg,pecora
593.jpeg,gatto
594.jpeg,cavallo
595.jpeg,mucca
596.jpeg,scoiattolo
597.jpeg,gatto
598.jpeg,pecora
599.jpeg,ragno
6.jpeg,cavallo
60.jpeg,gatto
600.jpeg,scoiattolo
601.jpeg,cane
602.jpeg,mucca
603.jpeg,gallina
604.jpeg,cane
605.jpeg,ragno
606.jpeg,cane
607.jpeg,cavallo
608.jpeg,ragno
609.jpeg,pecora
61.jpeg,cavallo
610.jpeg,scoiattolo
611.jpeg,mucca
612.jpeg,ragno
613.jpeg,cane
614.jpeg,cavallo
615.jpeg,pecora
616.jpeg,cane
617.jpeg,gallina
618.jpeg,farfalla
619.jpeg,farfalla
62.jpeg,pecora
620.jpeg,mucca
621.jpeg,elefante
622.jpeg,farfalla
623.jpeg,cane
624.jpeg,cane
625.jpeg,cavallo
626.jpeg,farfalla
627.jpeg,cavallo
628.jpeg,pecora
629.jpeg,farfalla
63.jpeg,cane
630.jpeg,mucca
631.jpeg,cavallo
632.jpeg,cavallo
633.jpeg,gatto
634.jpeg,ragno
635.jpeg,gallina
636.jpeg,elefante
637.jpeg,elefante
638.jpeg,gallina
639.jpeg,ragno
64.jpeg,ragno
640.jpeg,scoiattolo
641.jpeg,elefante
642.jpeg,cavallo
643.jpeg,gatto
644.jpeg,ragno
645.jpeg,gallina
646.jpeg,gatto
647.jpeg,elefante
648.jpeg,farfalla
649.jpeg,gallina
65.jpeg,farfalla
650.jpeg,cane
651.jpeg,gallina
652.jpeg,elefante
653.jpeg,cavallo
654.jpeg,cavallo
655.jpeg,scoiattolo
656.jpeg,gallina
657.jpeg,cavallo
658.jpeg,cavallo
659.jpeg,elefante
66.jpeg,pecora
660.jpeg,gatto
661.jpeg,gatto
662.jpeg,pecora
663.jpeg,ragno
664.jpeg,gatto
665.jpeg,farfalla
666.jpeg,cavallo
667.jpeg,ragno
668.jpeg,pecora
669.jpeg,farfalla
67.jpeg,gallina
670.jpeg,scoiattolo
671.jpeg,cane
672.jpeg,scoiattolo
673.jpeg,cavallo
674.jpeg,gatto
675.jpeg,elefante
676.jpeg,cavallo
677.jpeg,cane
678.jpeg,ragno
679.jpeg,cane
68.jpeg,mucca
680.jpeg,ragno
681.jpeg,gallina
682.jpeg,ragno
683.jpeg,scoiattolo
684.jpeg,pecora
685.jpeg,pecora
686.jpeg,elefante
687.jpeg,cavallo
688.jpeg,ragno
689.jpeg,cane
69.jpeg,gatto
690.jpeg,elefante
691.jpeg,mucca
692.jpeg,mucca
693.jpeg,mucca
694.jpeg,scoiattolo
695.jpeg,pecora
696.jpeg,gallina
697.jpeg,cavallo
698.jpeg,cavallo
699.jpeg,ragno
7.jpeg,ragno
70.jpeg,elefante
700.jpeg,cane
701.jpeg,farfalla
702.jpeg,ragno
703.jpeg,mucca
704.jpeg,pecora
705.jpeg,mucca
706.jpeg,ragno
707.jpeg,elefante
708.jpeg,elefante
709.jpeg,pecora
71.jpeg,ragno
710.jpeg,gallina
711.jpeg,pecora
712.jpeg,cane
713.jpeg,farfalla
714.jpeg,elefante
715.jpeg,ragno
716.jpeg,gatto
717.jpeg,pecora
718.jpeg,gallina
719.jpeg,mucca
72.jpeg,farfalla
720.jpeg,scoiattolo
721.jpeg,farfalla
722.jpeg,mucca
723.jpeg,gatto
724.jpeg,cavallo
725.jpeg,gatto
726.jpeg,mucca
727.jpeg,farfalla
728.jpeg,ragno
729.jpeg,cavallo
73.jpeg,cane
730.jpeg,elefante
731.jpeg,gallina
732.jpeg,gatto
733.jpeg,gatto
734.jpeg,cavallo
735.jpeg,gatto
736.jpeg,cane
737.jpeg,cane
738.jpeg,elefante
739.jpeg,ragno
74.jpeg,pecora
740.jpeg,farfalla
741.jpeg,pecora
742.jpeg,pecora
743.jpeg,elefante
744.jpeg,pecora
745.jpeg,farfalla
746.jpeg,pecora
747.jpeg,gatto
748.jpeg,cane
749.jpeg,mucca
75.jpeg,pecora
750.jpeg,mucca
751.jpeg,cavallo
752.jpeg,mucca
753.jpeg,farfalla
754.jpeg,ragno
755.jpeg,elefante
756.jpeg,scoiattolo
757.jpeg,farfalla
758.jpeg,gallina
759.jpeg,pecora
76.jpeg,pecora
760.jpeg,mucca
761.jpeg,mucca
762.jpeg,cane
763.jpeg,ragno
764.jpeg,elefante
765.jpeg,cane
766.jpeg,gatto
767.jpeg,cane
768.jpeg,scoiattolo
769.jpeg,elefante
77.jpeg,gallina
770.jpeg,cavallo
771.jpeg,mucca
772.jpeg,gatto
773.jpeg,farfalla
774.jpeg,cane
775.jpeg,scoiattolo
776.jpeg,elefante
777.jpeg,elefante
778.jpeg,mucca
779.jpeg,cavallo
78.jpeg,scoiattolo
780.jpeg,cavallo
781.jpeg,cavallo
782.jpeg,pecora
783.jpeg,pecora
784.jpeg,gatto
785.jpeg,farfalla
786.jpeg,mucca
787.jpeg,scoiattolo
788.jpeg,farfalla
789.jpeg,elefante
79.jpeg,ragno
790.jpeg,scoiattolo
791.jpeg,gallina
792.jpeg,scoiattolo
793.jpeg,pecora
794.jpeg,mucca
795.jpeg,farfalla
796.jpeg,farfalla
797.jpeg,elefante
798.jpeg,farfalla
799.jpeg,gatto
8.jpeg,farfalla
80.jpeg,cane
800.jpeg,scoiattolo
801.jpeg,scoiattolo
802.jpeg,gatto
803.jpeg,pecora
804.jpeg,pecora
805.jpeg,farfalla
806.jpeg,farfalla
807.jpeg,scoiattolo
808.jpeg,ragno
809.jpeg,ragno
81.jpeg,gallina
810.jpeg,farfalla
811.jpeg,ragno
812.jpeg,pecora
813.jpeg,cane
814.jpeg,mucca
815.jpeg,gallina
816.jpeg,ragno
817.jpeg,gatto
818.jpeg,ragno
819.jpeg,elefante
82.jpeg,cane
820.jpeg,cane
821.jpeg,farfalla
822.jpeg,pecora
823.jpeg,ragno
824.jpeg,farfalla
825.jpeg,ragno
826.jpeg,cane
827.jpeg,cavallo
828.jpeg,mucca
829.jpeg,elefante
83.jpeg,cavallo
830.jpeg,gallina
831.jpeg,scoiattolo
832.jpeg,mucca
833.jpeg,gallina
834.jpeg,ragno
835.jpeg,mucca
836.jpeg,scoiattolo
837.jpeg,mucca
838.jpeg,cane
839.jpeg,farfalla
84.jpeg,gatto
840.jpeg,gatto
841.jpeg,pecora
842.jpeg,gallina
843.jpeg,ragno
844.jpeg,cane
845.jpeg,elefante
846.jpeg,mucca
847.jpeg,ragno
848.jpeg,cane
849.jpeg,cavallo
85.jpeg,scoiattolo
850.jpeg,pecora
851.jpeg,pecora
852.jpeg,gatto
853.jpeg,gallina
854.jpeg,cavallo
855.jpeg,gallina
856.jpeg,farfalla
857.jpeg,farfalla
858.jpeg,farfalla
859.jpeg,elefante
86.jpeg,cane
860.jpeg,gatto
861.jpeg,farfalla
862.jpeg,cane
863.jpeg,gatto
864.jpeg,scoiattolo
865.jpeg,cane
866.jpeg,elefante
867.jpeg,farfalla
868.jpeg,pecora
869.jpeg,ragno
87.jpeg,elefante
870.jpeg,gatto
871.jpeg,elefante
872.jpeg,elefante
873.jpeg,farfalla
874.jpeg,ragno
875.jpeg,scoiattolo
876.jpeg,mucca
877.jpeg,cane
878.jpeg,ragno
879.jpeg,ragno
88.jpeg,farfalla
880.jpeg,scoiattolo
881.jpeg,scoiattolo
882.jpeg,scoiattolo
883.jpeg,gallina
884.jpeg,cavallo
885.jpeg,farfalla
886.jpeg,pecora
887.jpeg,mucca
888.jpeg,mucca
889.jpeg,cane
89.jpeg,ragno
890.jpeg,cavallo
891.jpeg,cane
892.jpeg,cavallo
893.jpeg,scoiattolo
894.jpeg,cane
895.jpeg,pecora
896.jpeg,elefante
897.jpeg,ragno
898.jpeg,pecora
899.jpeg,ragno
9.jpeg,cavallo
90.jpeg,gallina
900.jpeg,scoiattolo
901.jpeg,elefante
902.jpeg,cavallo
903.jpeg,cavallo
904.jpeg,ragno
905.jpeg,cane
906.jpeg,pecora
907.jpeg,pecora
908.jpeg,cavallo
909.jpeg,cavallo
91.jpeg,cavallo
910.jpeg,cane
911.jpeg,elefante
912.jpeg,scoiattolo
913.jpeg,farfalla
914.jpeg,elefante
915.jpeg,elefante
916.jpeg,elefante
917.jpeg,cane
918.jpeg,cane
919.jpeg,gallina
92.jpeg,gatto
920.jpeg,ragno
921.jpeg,farfalla
922.jpeg,farfalla
923.jpeg,cavallo
924.jpeg,farfalla
925.jpeg,farfalla
926.jpeg,gatto
927.jpeg,pecora
928.jpeg,farfalla
929.jpeg,ragno
93.jpeg,gatto
930.jpeg,cane
931.jpeg,ragno
932.jpeg,scoiattolo
933.jpeg,scoiattolo
934.jpeg,cavallo
935.jpeg,ragno
936.jpeg,cane
937.jpeg,gatto
938.jpeg,farfalla
939.jpeg,gallina
94.jpeg,farfalla
940.jpeg,cane
941.jpeg,scoiattolo
942.jpeg,farfalla
943.jpeg,gallina
944.jpeg,farfalla
945.jpeg,pecora
946.jpeg,pecora
947.jpeg,cavallo
948.jpeg,farfalla
949.jpeg,elefante
95.jpeg,farfalla
950.jpeg,cane
951.jpeg,mucca
952.jpeg,mucca
953.jpeg,gatto
954.jpeg,elefante
955.jpeg,scoiattolo
956.jpeg,ragno
957.jpeg,elefante
958.jpeg,elefante
959.jpeg,pecora
96.jpeg,cavallo
960.jpeg,pecora
961.jpeg,elefante
962.jpeg,ragno
963.jpeg,farfalla
964.jpeg,gatto
965.jpeg,gallina
966.jpeg,elefante
967.jpeg,elefante
968.jpeg,mucca
969.jpeg,cane
97.jpeg,scoiattolo
970.jpeg,scoiattolo
971.jpeg,ragno
972.jpeg,scoiattolo
973.jpeg,scoiattolo
974.jpeg,scoiattolo
975.jpeg,pecora
976.jpeg,cane
977.jpeg,gallina
978.jpeg,scoiattolo
979.jpeg,cane
98.jpeg,pecora
980.jpeg,cavallo
981.jpeg,farfalla
982.jpeg,scoiattolo
983.jpeg,elefante
984.jpeg,scoiattolo
985.jpeg,scoiattolo
986.jpeg,gallina
987.jpeg,gallina
988.jpeg,ragno
989.jpeg,ragno
99.jpeg,farfalla
990.jpeg,scoiattolo
991.jpeg,cane
992.jpeg,elefante
993.jpeg,gallina
994.jpeg,farfalla
995.jpeg,cavallo
996.jpeg,pecora
997.jpeg,cane
998.jpeg,ragno
999.jpeg,scoiattolo
